collision_id,crash_date,crash_time,contributing_factor_vehicle_1,contributing_factor_vehicle_2,number_of_persons_injured,number_of_persons_killed,vehicle_type_code1
4455765,2021-09-11T00:00:00.000,2:39,Aggressive Driving/Road Rage,Unspecified,2,0,Sedan
4513547,2022-03-26T00:00:00.000,11:45,Pavement Slippery,Unspecified,1,0,Sedan
4541903,2022-06-29T00:00:00.000,6:55,Following Too Closely,Unspecified,0,0,Sedan
4456314,2021-09-11T00:00:00.000,9:35,Unspecified,Unspecified,0,0,Sedan
4486609,2021-12-14T00:00:00.000,8:13,Unspecified,Unspecified,0,0,Unspecified
4407458,2021-04-14T00:00:00.000,12:47,Unspecified,Unspecified,0,0,Dump
4486555,2021-12-14T00:00:00.000,17:05,Passing Too Closely,Unspecified,0,0,Sedan
4486660,2021-12-14T00:00:00.000,8:17,Unspecified,Unspecified,2,0,Sedan
4487074,2021-12-14T00:00:00.000,21:10,Driver Inexperience,Unspecified,0,0,Sedan
4486519,2021-12-14T00:00:00.000,14:58,Passing Too Closely,Unspecified,0,0,Sedan
4486934,2021-12-13T00:00:00.000,0:34,Passing or Lane Usage Improper,Unspecified,0,0,Station Wagon/Sport Utility Vehicle
4487127,2021-12-14T00:00:00.000,16:50,Turning Improperly,Unspecified,0,0,Sedan
4486634,2021-12-14T00:00:00.000,8:30,Unsafe Lane Changing,Unspecified,0,0,Station Wagon/Sport Utility Vehicle
4486564,2021-12-14T00:00:00.000,0:59,Unsafe Speed,Unspecified,0,0,Sedan
4486635,2021-12-14T00:00:00.000,23:10,Reaction to Uninvolved Vehicle,Unspecified,2,0,Sedan
4486604,2021-12-14T00:00:00.000,17:58,Passing Too Closely,Unspecified,0,0,Tanker
4486991,2021-12-14T00:00:00.000,20:03,Steering Failure,Unspecified,4,0,Sedan
4486284,2021-12-14T00:00:00.000,1:28,Traffic Control Disregarded,Unspecified,3,0,Station Wagon/Sport Utility Vehicle
4487040,2021-12-11T00:00:00.000,19:43,Unspecified,Unspecified,1,0,Station Wagon/Sport Utility Vehicle
4486537,2021-12-14T00:00:00.000,14:30,Following Too Closely,Unspecified,0,0,Station Wagon/Sport Utility Vehicle
4486905,2021-12-11T00:00:00.000,4:45,Following Too Closely,Unspecified,0,0,Station Wagon/Sport Utility Vehicle
4487122,2021-12-14T00:00:00.000,5:46,Other Vehicular,Other Vehicular,1,0,Station Wagon/Sport Utility Vehicle
4486967,2021-12-13T00:00:00.000,6:30,Unspecified,Unspecified,0,0,Sedan
4486304,2021-12-14T00:00:00.000,3:43,Unspecified,Unspecified,1,0,Station Wagon/Sport Utility Vehicle
4487001,2021-12-13T00:00:00.000,17:40,Unspecified,Unspecified,1,0,Sedan
4486516,2021-12-14T00:00:00.000,17:31,Unspecified,Unspecified,1,0,Sedan
4486605,2021-12-14T00:00:00.000,20:13,Passing Too Closely,Unspecified,0,0,Sedan
4487052,2021-12-14T00:00:00.000,12:54,Unspecified,Unspecified,1,0,Sedan
4486556,2021-12-14T00:00:00.000,17:15,Passing or Lane Usage Improper,Unspecified,1,0,Bus
4486875,2021-12-14T00:00:00.000,22:49,Driver Inattention/Distraction,Unspecified,0,0,Taxi
4486933,2021-12-12T00:00:00.000,9:00,Passing Too Closely,Unspecified,0,0,Station Wagon/Sport Utility Vehicle
4486581,2021-12-14T00:00:00.000,16:25,Driver Inattention/Distraction,Driver Inattention/Distraction,1,0,Van
4407520,2021-04-14T00:00:00.000,14:30,Driver Inattention/Distraction,Unspecified,0,0,Bus
4486960,2021-12-16T00:00:00.000,6:59,Traffic Control Disregarded,Unspecified,1,0,Unspecified
4542336,2022-06-29T00:00:00.000,16:00,Driver Inattention/Distraction,Unspecified,1,0,Motorscooter
4407665,2021-04-15T00:00:00.000,16:15,Pavement Slippery,Unspecified,0,0,Station Wagon/Sport Utility Vehicle
4456591,2021-07-07T00:00:00.000,11:42,Unsafe Lane Changing,Unspecified,1,0,Sedan
4545699,2022-07-12T00:00:00.000,17:50,Oversized Vehicle,Unspecified,0,0,Sedan
4512922,2022-03-23T00:00:00.000,10:00,Pedestrian/Bicyclist/Other Pedestrian Error/Confusion,Unspecified,0,0,Bike
4456659,2021-07-09T00:00:00.000,0:43,Unspecified,Unspecified,0,1,Bus
4521660,2022-04-24T00:00:00.000,16:45,Driver Inattention/Distraction,Unspecified,1,0,Station Wagon/Sport Utility Vehicle
4521759,2022-04-24T00:00:00.000,4:49,Unspecified,Unspecified,0,0,Station Wagon/Sport Utility Vehicle
4522226,2022-04-22T00:00:00.000,17:17,Traffic Control Disregarded,Unspecified,1,0,E-Bike
4522015,2022-04-24T00:00:00.000,1:30,Unspecified,Unspecified,0,0,Station Wagon/Sport Utility Vehicle
4521460,2022-04-24T00:00:00.000,6:00,Unsafe Lane Changing,Unspecified,0,0,Sedan
4522156,2022-04-24T00:00:00.000,21:40,Alcohol Involvement,Unspecified,0,0,Taxi
4521633,2022-04-24T00:00:00.000,17:45,Driver Inattention/Distraction,Unspecified,0,0,Sedan
4522124,2022-04-15T00:00:00.000,6:11,Driver Inattention/Distraction,Unspecified,1,0,Station Wagon/Sport Utility Vehicle
4521937,2022-04-24T00:00:00.000,9:51,Unspecified,Unspecified,0,0,Sedan
4521801,2022-04-24T00:00:00.000,0:00,Driver Inattention/Distraction,Unspecified,0,0,Sedan
4522285,2022-03-08T00:00:00.000,20:00,Unspecified,Unspecified,0,0,Sedan
4521853,2022-04-24T00:00:00.000,15:35,View Obstructed/Limited,Unspecified,1,0,Station Wagon/Sport Utility Vehicle
4522228,2022-04-22T00:00:00.000,12:00,Unspecified,Unspecified,1,0,Sedan
4521702,2022-04-24T00:00:00.000,13:10,Turning Improperly,Unspecified,0,0,Station Wagon/Sport Utility Vehicle
4522167,2022-04-24T00:00:00.000,4:20,Traffic Control Disregarded,Unspecified,1,0,Station Wagon/Sport Utility Vehicle
4522196,2022-04-20T00:00:00.000,19:37,Driver Inexperience,Unspecified,0,0,Sedan
4521758,2022-04-24T00:00:00.000,16:14,Unspecified,Unspecified,0,0,Sedan
4522136,2022-04-12T00:00:00.000,19:56,Failure to Yield Right-of-Way,Unspecified,1,0,Station Wagon/Sport Utility Vehicle
4521469,2022-04-24T00:00:00.000,0:30,Driver Inattention/Distraction,Unspecified,1,0,Sedan
4521859,2022-04-24T00:00:00.000,20:13,Aggressive Driving/Road Rage,Unspecified,0,0,Sedan
4521590,2022-04-24T00:00:00.000,15:21,Driver Inattention/Distraction,Driver Inattention/Distraction,1,0,Sedan
4521902,2022-04-24T00:00:00.000,10:27,Traffic Control Disregarded,Traffic Control Disregarded,1,0,Sedan
4521684,2022-04-24T00:00:00.000,21:00,Driver Inattention/Distraction,Unspecified,1,0,Sedan
4521858,2022-04-24T00:00:00.000,21:40,Reaction to Uninvolved Vehicle,Unspecified,0,0,Ambulance
4522242,2022-04-07T00:00:00.000,14:14,Driver Inattention/Distraction,Passing or Lane Usage Improper,0,0,Sedan
4456672,2021-06-29T00:00:00.000,17:35,Passing or Lane Usage Improper,Unspecified,0,0,Station Wagon/Sport Utility Vehicle
4485150,2021-12-09T00:00:00.000,20:20,Driver Inattention/Distraction,Unspecified,1,0,Bike
4485116,2021-12-09T00:00:00.000,14:50,Unspecified,Unspecified,0,0,Station Wagon/Sport Utility Vehicle
4485026,2021-12-09T00:00:00.000,2:45,Alcohol Involvement,Unspecified,1,0,Sedan
4485528,2021-12-06T00:00:00.000,22:16,Unsafe Speed,Unspecified,0,0,Sedan
4485333,2021-12-04T00:00:00.000,12:00,Driver Inattention/Distraction,Driver Inattention/Distraction,0,0,Sedan
4485234,2021-12-08T00:00:00.000,16:20,Failure to Yield Right-of-Way,Unspecified,0,0,Taxi
4485355,2021-12-09T00:00:00.000,23:15,Driver Inattention/Distraction,Driver Inattention/Distraction,1,0,Sedan
4485581,2021-12-01T00:00:00.000,14:34,Unsafe Speed,Unspecified,0,0,Sedan
4485866,2021-12-10T00:00:00.000,7:00,Passing or Lane Usage Improper,Unspecified,0,0,Sedan
4485192,2021-12-07T00:00:00.000,9:20,Steering Failure,Unspecified,0,0,Station Wagon/Sport Utility Vehicle
4485214,2021-12-09T00:00:00.000,8:00,Following Too Closely,Unspecified,0,0,Sedan
4485437,2021-12-07T00:00:00.000,17:08,Following Too Closely,Unspecified,0,0,Unspecified
4485408,2021-12-05T00:00:00.000,8:20,Unspecified,Unspecified,0,0,Sedan
4484852,2021-12-08T00:00:00.000,19:30,Following Too Closely,Reaction to Uninvolved Vehicle,1,0,Station Wagon/Sport Utility Vehicle
4485542,2021-12-08T00:00:00.000,12:00,Passing or Lane Usage Improper,Unspecified,1,0,Box Truck
4485170,2021-12-10T00:00:00.000,8:06,Unsafe Lane Changing,Unspecified,0,0,Garbage or Refuse
4485523,2021-12-08T00:00:00.000,19:30,Unsafe Speed,Unspecified,4,0,Taxi
4484906,2021-12-08T00:00:00.000,22:37,Pavement Slippery,Unspecified,0,0,Sedan
4485036,2021-12-08T00:00:00.000,17:56,Unspecified,Unspecified,0,0,Sedan
4485772,2021-12-07T00:00:00.000,7:50,Driver Inattention/Distraction,Unspecified,0,0,Sedan
4485565,2021-12-08T00:00:00.000,0:44,View Obstructed/Limited,Unspecified,0,0,Sedan
4484836,2021-12-08T00:00:00.000,15:00,Passing Too Closely,Unspecified,0,0,Sedan
4485340,2021-12-10T00:00:00.000,11:00,Oversized Vehicle,Unspecified,0,0,Station Wagon/Sport Utility Vehicle
4485706,2021-12-10T00:00:00.000,1:10,Driver Inattention/Distraction,Unspecified,0,0,Station Wagon/Sport Utility Vehicle
4485384,2021-12-09T00:00:00.000,0:00,Unspecified,Unspecified,1,0,Sedan
4484799,2021-12-08T00:00:00.000,18:36,Passing or Lane Usage Improper,Unspecified,0,0,Sedan
4485077,2021-12-09T00:00:00.000,20:30,Illnes,Unspecified,0,0,Sedan
4485090,2021-12-09T00:00:00.000,10:13,Traffic Control Disregarded,Traffic Control Disregarded,2,0,Sedan
4513697,2022-03-26T00:00:00.000,14:00,Driver Inattention/Distraction,Unspecified,0,0,Sedan
4513935,2022-03-26T00:00:00.000,1:02,Traffic Control Disregarded,Unspecified,1,0,Sedan
4513794,2022-03-26T00:00:00.000,16:02,Lost Consciousness,Unspecified,1,0,Station Wagon/Sport Utility Vehicle
4514267,2022-03-26T00:00:00.000,16:05,Following Too Closely,Unspecified,1,0,Station Wagon/Sport Utility Vehicle
4514237,2022-03-21T00:00:00.000,12:05,Following Too Closely,Unspecified,1,0,Motorcycle
4513470,2022-03-26T00:00:00.000,5:13,Failure to Yield Right-of-Way,Unspecified,0,0,Station Wagon/Sport Utility Vehicle
4513751,2022-03-26T00:00:00.000,17:42,Driver Inattention/Distraction,Unspecified,0,0,Sedan
4514075,2022-03-26T00:00:00.000,12:18,Failure to Yield Right-of-Way,Unspecified,2,0,Station Wagon/Sport Utility Vehicle
4513857,2022-03-26T00:00:00.000,20:10,Unspecified,Unspecified,0,0,Station Wagon/Sport Utility Vehicle
4514202,2022-03-26T00:00:00.000,15:45,Alcohol Involvement,Unspecified,2,0,Station Wagon/Sport Utility Vehicle
4514347,2022-03-26T00:00:00.000,17:55,Driver Inattention/Distraction,Unspecified,0,0,Sedan
4513495,2022-03-26T00:00:00.000,0:50,Unsafe Speed,Unspecified,0,0,Sedan
4513874,2022-03-26T00:00:00.000,14:05,Unsafe Speed,Unspecified,1,0,Station Wagon/Sport Utility Vehicle
4514263,2022-03-26T00:00:00.000,9:30,Unspecified,Unspecified,0,0,Sedan
4514323,2022-03-10T00:00:00.000,8:30,Other Vehicular,Following Too Closely,4,0,Station Wagon/Sport Utility Vehicle
4514182,2022-03-24T00:00:00.000,23:00,Unspecified,Unspecified,1,0,Sedan
4513515,2022-03-26T00:00:00.000,7:36,Brakes Defective,Unspecified,0,0,Station Wagon/Sport Utility Vehicle
4513663,2022-03-26T00:00:00.000,11:50,Failure to Yield Right-of-Way,Unspecified,2,0,Station Wagon/Sport Utility Vehicle
4513953,2022-03-26T00:00:00.000,17:42,Passing Too Closely,Unspecified,0,0,Station Wagon/Sport Utility Vehicle
4513985,2022-03-26T00:00:00.000,1:45,Driver Inattention/Distraction,Driver Inattention/Distraction,0,0,Sedan
4514084,2022-03-26T00:00:00.000,17:00,Passing or Lane Usage Improper,Unspecified,0,0,Sedan
4514144,2022-02-25T00:00:00.000,11:48,Following Too Closely,Following Too Closely,0,0,E-Scooter
4513606,2022-03-26T00:00:00.000,22:51,Failure to Yield Right-of-Way,Unspecified,1,0,Sedan
4513564,2022-03-26T00:00:00.000,8:21,Driver Inattention/Distraction,Unspecified,0,0,Box Truck
4514412,2022-03-17T00:00:00.000,8:00,Traffic Control Disregarded,Unspecified,1,0,Sedan
4513587,2022-03-26T00:00:00.000,10:30,Backing Unsafely,Unspecified,0,0,Station Wagon/Sport Utility Vehicle
4487185,2021-12-16T00:00:00.000,9:23,Unspecified,Unspecified,0,0,Station Wagon/Sport Utility Vehicle
4513565,2022-03-26T00:00:00.000,13:48,Unspecified,Unspecified,1,0,Unspecified
4514286,2022-03-25T00:00:00.000,9:56,Driver Inattention/Distraction,Unspecified,0,0,Station Wagon/Sport Utility Vehicle
4513637,2022-03-26T00:00:00.000,23:45,Driver Inattention/Distraction,Unspecified,1,0,Sedan
4513528,2022-03-26T00:00:00.000,1:26,Unsafe Speed,Unspecified,0,0,UTILITY
4514139,2022-03-22T00:00:00.000,9:07,Aggressive Driving/Road Rage,Unspecified,1,0,Sedan
4513833,2022-03-26T00:00:00.000,16:00,Driver Inattention/Distraction,Unspecified,1,0,Sedan
4513887,2022-03-26T00:00:00.000,23:17,Following Too Closely,Unspecified,1,0,Station Wagon/Sport Utility Vehicle
4514160,2022-03-23T00:00:00.000,9:00,Traffic Control Disregarded,Unspecified,1,0,Sedan
4514002,2022-03-26T00:00:00.000,5:00,Following Too Closely,Unspecified,0,0,Sedan
4514152,2022-03-25T00:00:00.000,6:15,Traffic Control Disregarded,Unspecified,1,0,Sedan
4513626,2022-03-26T00:00:00.000,21:50,Driver Inattention/Distraction,Driver Inattention/Distraction,1,0,Taxi
4513774,2022-03-26T00:00:00.000,21:25,Driver Inattention/Distraction,Unspecified,0,0,Station Wagon/Sport Utility Vehicle
4514376,2022-03-25T00:00:00.000,18:13,Unspecified,Unspecified,2,0,Sedan
4513982,2022-03-26T00:00:00.000,20:10,Unspecified,Unspecified,1,0,Sedan
4514220,2022-03-25T00:00:00.000,12:55,Passing Too Closely,Unspecified,0,0,Station Wagon/Sport Utility Vehicle
4514413,2022-03-23T00:00:00.000,11:00,Driver Inattention/Distraction,Unspecified,0,0,Station Wagon/Sport Utility Vehicle
4513664,2022-03-26T00:00:00.000,3:05,Unspecified,Unspecified,1,0,Sedan
4513725,2022-03-26T00:00:00.000,4:34,Unspecified,Unspecified,1,0,Station Wagon/Sport Utility Vehicle
4514298,2022-03-26T00:00:00.000,19:56,Unspecified,Unspecified,0,0,Sedan
4513573,2022-03-26T00:00:00.000,12:40,Unspecified,Unspecified,0,0,Sedan
4514201,2022-03-26T00:00:00.000,1:58,Turning Improperly,Unspecified,0,0,Sedan
4514030,2022-03-26T00:00:00.000,19:56,Unspecified,Unspecified,0,0,Station Wagon/Sport Utility Vehicle
4514125,2022-03-26T00:00:00.000,0:30,Unspecified,Unspecified,0,0,Station Wagon/Sport Utility Vehicle
4514194,2022-03-16T00:00:00.000,15:44,Unspecified,Unspecified,1,0,Bike
4514278,2022-03-26T00:00:00.000,20:05,Driver Inattention/Distraction,Unspecified,0,0,Sedan
4513803,2022-03-26T00:00:00.000,17:54,Passing Too Closely,Unspecified,4,0,Sedan
4514241,2022-03-25T00:00:00.000,17:55,Traffic Control Disregarded,Unspecified,0,0,Sedan
4487210,2021-12-12T00:00:00.000,9:09,Unspecified,Unspecified,0,1,Taxi
4407811,2021-04-13T00:00:00.000,16:00,Following Too Closely,Unspecified,0,0,Sedan
4456746,2021-08-05T00:00:00.000,18:17,Glare,Unspecified,0,0,Sedan
4513878,2022-03-26T00:00:00.000,16:35,Driver Inattention/Distraction,Unspecified,0,0,Station Wagon/Sport Utility Vehicle
4513735,2022-03-26T00:00:00.000,19:50,Passenger Distraction,Unspecified,1,0,E-Bike
4513958,2022-03-26T00:00:00.000,13:19,Failure to Yield Right-of-Way,Unspecified,0,0,Station Wagon/Sport Utility Vehicle
4514367,2022-03-25T00:00:00.000,8:45,Unspecified,Unspecified,2,0,Sedan
4513681,2022-03-26T00:00:00.000,10:10,Passing or Lane Usage Improper,Unspecified,0,0,Station Wagon/Sport Utility Vehicle
4514212,2022-03-26T00:00:00.000,11:45,Reaction to Uninvolved Vehicle,Driver Inattention/Distraction,1,0,Station Wagon/Sport Utility Vehicle
4514420,2022-03-25T00:00:00.000,14:35,Failure to Yield Right-of-Way,Unspecified,1,0,Sedan
4513923,2022-03-26T00:00:00.000,14:30,Backing Unsafely,Unspecified,0,0,Sedan
4513752,2022-03-26T00:00:00.000,19:00,Backing Unsafely,Unspecified,0,0,Sedan
4513924,2022-03-26T00:00:00.000,2:05,Driver Inattention/Distraction,Unspecified,0,0,Taxi
4513860,2022-03-26T00:00:00.000,16:40,Passing or Lane Usage Improper,Unspecified,2,0,Station Wagon/Sport Utility Vehicle
4514251,2022-03-24T00:00:00.000,18:05,Driver Inattention/Distraction,Unspecified,0,0,Sedan
4513478,2022-03-26T00:00:00.000,3:35,Reaction to Uninvolved Vehicle,Unspecified,1,0,Sedan
4514302,2022-03-20T00:00:00.000,10:34,Backing Unsafely,Unspecified,1,0,Sedan
4513708,2022-03-26T00:00:00.000,14:54,Passing or Lane Usage Improper,Unspecified,0,0,Sedan
4514189,2022-03-25T00:00:00.000,6:35,Following Too Closely,Unspecified,0,0,Station Wagon/Sport Utility Vehicle
4514419,2022-03-25T00:00:00.000,14:00,Driver Inattention/Distraction,Unspecified,0,0,Station Wagon/Sport Utility Vehicle
4514234,2022-03-21T00:00:00.000,19:13,Driver Inattention/Distraction,Unspecified,1,0,Sedan
4513496,2022-03-26T00:00:00.000,5:02,Fell Asleep,Unspecified,0,0,Station Wagon/Sport Utility Vehicle
4514266,2022-03-25T00:00:00.000,9:45,Unspecified,Unspecified,0,0,Station Wagon/Sport Utility Vehicle
4513680,2022-03-26T00:00:00.000,22:54,Failure to Yield Right-of-Way,Unspecified,0,0,Taxi
4513861,2022-03-26T00:00:00.000,21:00,Driver Inattention/Distraction,Unspecified,0,0,Sedan
4514326,2022-03-26T00:00:00.000,17:29,Driver Inattention/Distraction,Unspecified,1,0,Station Wagon/Sport Utility Vehicle
4513739,2022-03-26T00:00:00.000,2:10,Failure to Yield Right-of-Way,Unspecified,1,0,Bike
4514180,2022-03-25T00:00:00.000,0:00,Driver Inattention/Distraction,Unspecified,0,0,Station Wagon/Sport Utility Vehicle
4514209,2022-03-26T00:00:00.000,4:00,Unsafe Speed,Unspecified,0,0,Station Wagon/Sport Utility Vehicle
4513795,2022-03-26T00:00:00.000,4:34,Unsafe Speed,Unspecified,0,0,Sedan
4514297,2022-03-09T00:00:00.000,11:56,Failure to Yield Right-of-Way,Unspecified,1,0,Station Wagon/Sport Utility Vehicle
4513572,2022-03-26T00:00:00.000,14:41,Passing or Lane Usage Improper,Unspecified,0,0,Station Wagon/Sport Utility Vehicle
4513591,2022-03-26T00:00:00.000,18:00,Unspecified,Unspecified,0,0,Sedan
4514011,2022-03-26T00:00:00.000,13:30,Driver Inattention/Distraction,Unspecified,0,0,Sedan
4513701,2022-03-26T00:00:00.000,13:20,Traffic Control Disregarded,Unspecified,1,0,Station Wagon/Sport Utility Vehicle
4514155,2022-03-25T00:00:00.000,21:35,Following Too Closely,Unspecified,0,0,Taxi
4514334,2022-03-23T00:00:00.000,21:00,Unspecified,Unspecified,0,0,Sedan
4513548,2022-03-26T00:00:00.000,12:00,Unspecified,Unspecified,0,0,Sedan
4514046,2022-03-26T00:00:00.000,13:28,Following Too Closely,Unspecified,1,0,Station Wagon/Sport Utility Vehicle
4513581,2022-03-26T00:00:00.000,19:12,Unsafe Speed,Unspecified,0,0,Station Wagon/Sport Utility Vehicle
4513772,2022-03-26T00:00:00.000,21:29,Unsafe Speed,Unspecified,1,0,Bike
4514221,2022-03-25T00:00:00.000,13:21,Driver Inattention/Distraction,Driver Inattention/Distraction,1,0,Sedan
4514277,2022-03-22T00:00:00.000,8:20,Turning Improperly,Unspecified,1,0,Sedan
4514166,2022-03-26T00:00:00.000,22:30,Passing or Lane Usage Improper,Unspecified,0,0,Sedan
4513691,2022-03-26T00:00:00.000,11:20,Alcohol Involvement,Driver Inattention/Distraction,1,0,Sedan
4513782,2022-03-26T00:00:00.000,18:17,Passing or Lane Usage Improper,Unspecified,0,0,Sedan
4514390,2022-03-14T00:00:00.000,10:30,Unspecified,Unspecified,0,0,Station Wagon/Sport Utility Vehicle
4514215,2022-03-26T00:00:00.000,1:30,Driver Inattention/Distraction,Unspecified,0,0,Pick-up Truck
4513994,2022-03-26T00:00:00.000,3:23,Following Too Closely,Unspecified,1,0,Box Truck
4513503,2022-03-26T00:00:00.000,1:45,Driver Inattention/Distraction,Unspecified,0,0,Taxi
4514151,2022-03-05T00:00:00.000,14:52,Unspecified,Unspecified,0,0,Sedan
4513655,2022-03-26T00:00:00.000,20:27,Passing or Lane Usage Improper,Unspecified,0,0,Sedan
4514070,2022-03-26T00:00:00.000,18:19,Unspecified,Unspecified,0,0,Sedan
4513952,2022-03-26T00:00:00.000,23:00,Alcohol Involvement,Unspecified,0,0,Station Wagon/Sport Utility Vehicle
4513827,2022-03-26T00:00:00.000,18:00,Unsafe Speed,Unspecified,0,0,Sedan
4514285,2022-03-23T00:00:00.000,20:40,Unsafe Speed,Unspecified,0,0,Station Wagon/Sport Utility Vehicle
4521782,2022-04-24T00:00:00.000,11:45,Driver Inattention/Distraction,Unspecified,0,0,Sedan
4457012,2021-09-11T00:00:00.000,12:01,Passing or Lane Usage Improper,Unspecified,0,0,Station Wagon/Sport Utility Vehicle
4457022,2021-09-10T00:00:00.000,11:00,Unspecified,Unspecified,0,0,Station Wagon/Sport Utility Vehicle
4456987,2021-09-11T00:00:00.000,20:15,Unspecified,Unspecified,0,0,Station Wagon/Sport Utility Vehicle
4456970,2021-09-09T00:00:00.000,8:15,Backing Unsafely,Unspecified,0,0,Unspecified
4485574,2021-12-10T00:00:00.000,23:07,Unspecified,Unspecified,0,0,Sedan
4485894,2021-12-10T00:00:00.000,21:50,Other Vehicular,Unspecified,0,0,Station Wagon/Sport Utility Vehicle
4485637,2021-11-27T00:00:00.000,5:40,Unspecified,Unspecified,0,0,Sedan
4484930,2021-12-09T00:00:00.000,5:15,Traffic Control Disregarded,Traffic Control Disregarded,1,0,Sedan
4484996,2021-12-08T00:00:00.000,12:58,Unspecified,Unspecified,0,0,Convertible
4484861,2021-12-08T00:00:00.000,17:50,Following Too Closely,Unspecified,0,0,Tractor Truck Diesel
4485177,2021-12-10T00:00:00.000,4:30,Driver Inattention/Distraction,Unspecified,0,0,Sedan
4485316,2021-12-10T00:00:00.000,21:22,Failure to Yield Right-of-Way,Unspecified,1,0,Station Wagon/Sport Utility Vehicle
4485668,2021-12-10T00:00:00.000,8:30,Unsafe Lane Changing,Unspecified,0,0,Ambulance
4485385,2021-12-10T00:00:00.000,12:15,Driver Inattention/Distraction,Unspecified,0,0,Station Wagon/Sport Utility Vehicle
4484892,2021-12-08T00:00:00.000,14:38,Passing Too Closely,Unspecified,0,0,Station Wagon/Sport Utility Vehicle
4485246,2021-12-03T00:00:00.000,13:40,Unspecified,Unspecified,0,0,Station Wagon/Sport Utility Vehicle
4485893,2021-12-10T00:00:00.000,8:50,Other Vehicular,Other Vehicular,1,0,Station Wagon/Sport Utility Vehicle
4485586,2021-12-09T00:00:00.000,19:45,Unspecified,Unspecified,0,0,Sedan
4485696,2021-12-10T00:00:00.000,16:07,Unspecified,Unspecified,0,0,Sedan
4485123,2021-12-08T00:00:00.000,6:37,Following Too Closely,Unspecified,0,0,Sedan
4485914,2021-12-10T00:00:00.000,21:20,Unsafe Speed,Unspecified,0,0,Station Wagon/Sport Utility Vehicle
4485304,2021-12-10T00:00:00.000,23:16,Failure to Yield Right-of-Way,Unspecified,0,0,Station Wagon/Sport Utility Vehicle
4485055,2021-12-09T00:00:00.000,17:21,Driver Inattention/Distraction,Unspecified,2,0,Taxi
4485539,2021-12-09T00:00:00.000,7:30,Unspecified,Unspecified,0,0,Sedan
4485241,2021-11-24T00:00:00.000,23:58,Pedestrian/Bicyclist/Other Pedestrian Error/Confusion,Unspecified,1,0,Unspecified
4485153,2021-12-09T00:00:00.000,17:00,Following Too Closely,Unspecified,1,0,Taxi
4484897,2021-12-08T00:00:00.000,8:15,Unspecified,Unspecified,0,0,Station Wagon/Sport Utility Vehicle
4456035,2021-09-11T00:00:00.000,2:20,Alcohol Involvement,Unspecified,1,0,Pick-up Truck
4456704,2021-07-09T00:00:00.000,12:00,Passing Too Closely,Unspecified,0,0,Station Wagon/Sport Utility Vehicle
4456122,2021-09-11T00:00:00.000,15:25,Unspecified,Unspecified,0,0,Sedan
4456919,2021-09-10T00:00:00.000,14:50,Unspecified,Unspecified,0,0,Box Truck
4456686,2021-07-01T00:00:00.000,17:45,Passing or Lane Usage Improper,Unspecified,0,0,Station Wagon/Sport Utility Vehicle
4456588,2021-07-07T00:00:00.000,13:45,Driver Inexperience,Unspecified,0,0,Station Wagon/Sport Utility Vehicle
4456879,2021-09-11T00:00:00.000,12:00,Unspecified,Unspecified,0,0,Station Wagon/Sport Utility Vehicle
4456573,2021-07-07T00:00:00.000,17:30,Unspecified,Unspecified,0,0,Station Wagon/Sport Utility Vehicle
4455749,2021-09-11T00:00:00.000,2:55,Alcohol Involvement,Unspecified,0,0,Sedan
4456087,2021-09-11T00:00:00.000,17:15,Unspecified,Unspecified,1,0,Sedan
4456941,2021-09-03T00:00:00.000,17:14,Passing Too Closely,Unspecified,0,0,Station Wagon/Sport Utility Vehicle
4456691,2021-07-08T00:00:00.000,12:30,Following Too Closely,Unspecified,0,0,Taxi
4456765,2021-08-23T00:00:00.000,11:50,Driver Inattention/Distraction,Unspecified,1,0,Station Wagon/Sport Utility Vehicle
4456435,2021-09-11T00:00:00.000,21:34,Turning Improperly,Unspecified,0,0,Sedan
4456181,2021-09-11T00:00:00.000,11:30,Passing or Lane Usage Improper,Unspecified,0,0,Sedan
4456550,2021-09-06T00:00:00.000,10:34,Reaction to Uninvolved Vehicle,Unspecified,1,0,Sedan
4456615,2021-07-08T00:00:00.000,15:56,Other Vehicular,Following Too Closely,1,0,Sedan
4456647,2021-07-07T00:00:00.000,23:06,Passing Too Closely,Unspecified,0,0,Sedan
4455820,2021-09-11T00:00:00.000,6:51,Backing Unsafely,Unspecified,0,0,Sedan
4456845,2021-09-07T00:00:00.000,12:30,Driver Inattention/Distraction,Unspecified,1,0,Sedan
4456191,2021-09-11T00:00:00.000,4:10,Unspecified,Unspecified,0,0,Station Wagon/Sport Utility Vehicle
4456586,2021-07-08T00:00:00.000,9:25,Turning Improperly,Unspecified,0,0,Station Wagon/Sport Utility Vehicle
4456718,2021-09-11T00:00:00.000,6:40,Passing Too Closely,Unspecified,0,0,Sedan
4456821,2021-09-11T00:00:00.000,17:35,Unspecified,Unspecified,0,0,Sedan
4456608,2021-07-08T00:00:00.000,17:17,Lost Consciousness,Unspecified,1,0,Sedan
4456531,2021-09-10T00:00:00.000,3:00,Unsafe Speed,Unspecified,1,0,Station Wagon/Sport Utility Vehicle
4455832,2021-09-11T00:00:00.000,5:59,Unspecified,Unspecified,0,0,Station Wagon/Sport Utility Vehicle
4456735,2021-09-09T00:00:00.000,11:39,Passing or Lane Usage Improper,Unspecified,1,0,Sedan
4408019,2021-04-13T00:00:00.000,17:30,Driver Inattention/Distraction,Unspecified,0,0,Sedan
4456734,2021-09-11T00:00:00.000,17:40,Driver Inattention/Distraction,Unspecified,0,0,Sedan
4455983,2021-09-11T00:00:00.000,22:15,Following Too Closely,Unspecified,0,0,Sedan
4456323,2021-09-11T00:00:00.000,7:15,Unspecified,Unspecified,0,0,Sedan
4456889,2021-09-10T00:00:00.000,17:00,Driver Inattention/Distraction,Unspecified,0,0,Sedan
4456679,2021-07-08T00:00:00.000,11:33,Driver Inexperience,Unspecified,0,0,Sedan
4456373,2021-09-11T00:00:00.000,21:48,Alcohol Involvement,Unspecified,0,0,Station Wagon/Sport Utility Vehicle
4513885,2022-03-26T00:00:00.000,10:30,Following Too Closely,Unspecified,0,0,Station Wagon/Sport Utility Vehicle
4456758,2021-09-11T00:00:00.000,19:00,Traffic Control Disregarded,Unspecified,1,0,Taxi
4456498,2021-09-11T00:00:00.000,22:23,Following Too Closely,Unspecified,0,0,Station Wagon/Sport Utility Vehicle
4455941,2021-09-11T00:00:00.000,15:00,Unspecified,Unspecified,1,0,Sedan
4456778,2021-09-10T00:00:00.000,10:20,Failure to Yield Right-of-Way,Unsafe Speed,2,0,Sedan
4455883,2021-09-11T00:00:00.000,0:00,Traffic Control Disregarded,Unspecified,0,0,Station Wagon/Sport Utility Vehicle
4456627,2021-07-06T00:00:00.000,15:01,Other Vehicular,Unspecified,0,0,Station Wagon/Sport Utility Vehicle
4456640,2021-07-09T00:00:00.000,4:00,Driver Inattention/Distraction,Unspecified,0,0,Sedan
4456812,2021-09-10T00:00:00.000,8:45,Unspecified,Unspecified,0,0,Sedan
4455924,2021-09-11T00:00:00.000,11:51,Driver Inattention/Distraction,Unspecified,1,0,Station Wagon/Sport Utility Vehicle
4455894,2021-09-11T00:00:00.000,18:50,Unspecified,Unspecified,1,0,Station Wagon/Sport Utility Vehicle
4456596,2021-07-02T00:00:00.000,7:10,Driver Inexperience,Unspecified,1,0,Station Wagon/Sport Utility Vehicle
4456742,2021-09-06T00:00:00.000,13:26,Backing Unsafely,Unspecified,0,0,Sedan
4455969,2021-09-11T00:00:00.000,5:30,Following Too Closely,Unspecified,1,0,Station Wagon/Sport Utility Vehicle
4455841,2021-09-11T00:00:00.000,12:55,Passing or Lane Usage Improper,Other Vehicular,1,0,Station Wagon/Sport Utility Vehicle
4456497,2021-09-11T00:00:00.000,14:00,Following Too Closely,Unspecified,2,0,Station Wagon/Sport Utility Vehicle
4456711,2021-07-09T00:00:00.000,12:30,Other Vehicular,Other Vehicular,0,0,Box Truck
4456154,2021-09-11T00:00:00.000,13:00,Driver Inattention/Distraction,Driver Inattention/Distraction,1,0,Sedan
4456204,2021-09-11T00:00:00.000,15:00,Backing Unsafely,Unspecified,0,0,Sedan
4456683,2021-07-08T00:00:00.000,15:30,Driver Inattention/Distraction,Unspecified,1,0,Sedan
4456696,2021-07-09T00:00:00.000,11:15,Passing Too Closely,Unspecified,0,0,Station Wagon/Sport Utility Vehicle
4456521,2021-09-02T00:00:00.000,10:45,Lost Consciousness,Unspecified,1,0,Sedan
4456865,2021-09-07T00:00:00.000,17:35,Driver Inattention/Distraction,Driver Inattention/Distraction,1,0,Flat Bed
4456389,2021-09-11T00:00:00.000,19:08,Following Too Closely,Unspecified,0,0,Taxi
4456512,2021-09-11T00:00:00.000,10:25,Backing Unsafely,Unspecified,0,0,Station Wagon/Sport Utility Vehicle
4455860,2021-09-11T00:00:00.000,14:00,Unspecified,Unspecified,0,0,Station Wagon/Sport Utility Vehicle
4456782,2021-08-29T00:00:00.000,0:12,Driver Inattention/Distraction,Unspecified,1,0,Motorcycle
4455949,2021-09-11T00:00:00.000,23:48,Unsafe Speed,Passing or Lane Usage Improper,0,0,Station Wagon/Sport Utility Vehicle
4456097,2021-09-11T00:00:00.000,1:45,Failure to Yield Right-of-Way,Unspecified,0,0,Station Wagon/Sport Utility Vehicle
4456623,2021-07-08T00:00:00.000,17:13,Driver Inattention/Distraction,Unspecified,0,0,Sedan
4456775,2021-09-09T00:00:00.000,11:39,Failure to Yield Right-of-Way,Unspecified,0,0,Sedan
4456664,2021-07-06T00:00:00.000,19:00,Driver Inattention/Distraction,Unspecified,0,0,Sedan
4456370,2021-09-11T00:00:00.000,17:19,Passing Too Closely,Unspecified,0,0,Sedan
4456567,2021-07-06T00:00:00.000,18:00,Obstruction/Debris,Unspecified,0,0,Sedan
4456628,2021-07-05T00:00:00.000,17:20,Driver Inexperience,Unspecified,0,0,E-Bike
4456844,2021-09-11T00:00:00.000,9:10,Turning Improperly,Unspecified,0,0,Station Wagon/Sport Utility Vehicle
4455985,2021-09-11T00:00:00.000,21:45,Unspecified,Unspecified,0,0,Sedan
4456655,2021-07-09T00:00:00.000,6:51,View Obstructed/Limited,Unspecified,1,0,Sedan
4456058,2021-09-11T00:00:00.000,21:00,Unspecified,Unspecified,1,0,Station Wagon/Sport Utility Vehicle
4456600,2021-07-08T00:00:00.000,14:30,Unspecified,Unspecified,1,0,Sedan
4455907,2021-09-11T00:00:00.000,18:38,Passing or Lane Usage Improper,Unspecified,0,0,Sedan
4456549,2021-09-11T00:00:00.000,15:28,Unspecified,Unspecified,0,0,Station Wagon/Sport Utility Vehicle
4456897,2021-09-05T00:00:00.000,16:40,Driver Inattention/Distraction,Driver Inattention/Distraction,0,0,Sedan
4456407,2021-09-11T00:00:00.000,5:26,Lost Consciousness,Unspecified,1,0,Sedan
4456480,2021-09-11T00:00:00.000,12:30,Aggressive Driving/Road Rage,Unspecified,0,0,Sedan
4456829,2021-09-10T00:00:00.000,12:10,Backing Unsafely,Unspecified,0,0,Motorcycle
4456660,2021-06-26T00:00:00.000,10:30,Unspecified,Unspecified,0,0,Station Wagon/Sport Utility Vehicle
4456715,2021-07-01T00:00:00.000,21:00,Unsafe Lane Changing,Unspecified,0,0,Sedan
4408080,2021-04-16T00:00:00.000,17:55,Unspecified,Unspecified,0,0,Sedan
4456543,2021-09-11T00:00:00.000,13:10,Driver Inattention/Distraction,Unspecified,0,0,Taxi
4456592,2021-07-04T00:00:00.000,0:58,Driver Inattention/Distraction,Unspecified,1,0,Sedan
4456140,2021-09-11T00:00:00.000,2:38,Unsafe Speed,Unspecified,1,0,Station Wagon/Sport Utility Vehicle
4456577,2021-07-04T00:00:00.000,21:00,Alcohol Involvement,Unspecified,1,0,Sedan
4456200,2021-09-11T00:00:00.000,18:00,Failure to Yield Right-of-Way,Unspecified,1,0,Sedan
4456687,2021-07-02T00:00:00.000,16:45,Unsafe Speed,Unspecified,0,0,Sedan
4456076,2021-09-11T00:00:00.000,15:10,Traffic Control Disregarded,Other Vehicular,0,0,Bike
4456692,2021-07-03T00:00:00.000,10:18,Failure to Yield Right-of-Way,Unspecified,1,0,Station Wagon/Sport Utility Vehicle
4456921,2021-09-11T00:00:00.000,14:40,Driver Inattention/Distraction,Driver Inattention/Distraction,2,0,Sedan
4456350,2021-09-11T00:00:00.000,2:00,Unsafe Speed,Unspecified,0,0,Station Wagon/Sport Utility Vehicle
4456751,2021-09-11T00:00:00.000,23:00,Unspecified,Unspecified,0,0,Sedan
4456619,2021-07-04T00:00:00.000,8:00,Unspecified,Unspecified,0,0,Sedan
4456001,2021-09-11T00:00:00.000,15:30,Driver Inattention/Distraction,Unspecified,0,0,Station Wagon/Sport Utility Vehicle
4456560,2021-09-11T00:00:00.000,14:30,Passing Too Closely,Unspecified,0,0,Station Wagon/Sport Utility Vehicle
4456632,2021-07-08T00:00:00.000,6:00,Turning Improperly,Unspecified,0,0,Sedan
4456853,2021-08-11T00:00:00.000,0:01,Unsafe Speed,Unspecified,0,0,Sedan
4456250,2021-09-11T00:00:00.000,9:30,Passing Too Closely,Unspecified,0,0,Station Wagon/Sport Utility Vehicle
4456750,2021-09-11T00:00:00.000,16:40,Passing or Lane Usage Improper,Unspecified,0,0,Station Wagon/Sport Utility Vehicle
4456089,2021-09-11T00:00:00.000,18:05,Failure to Yield Right-of-Way,Unspecified,0,0,Sedan
4456279,2021-09-11T00:00:00.000,2:00,Driver Inattention/Distraction,Unspecified,0,0,Station Wagon/Sport Utility Vehicle
4456768,2021-09-07T00:00:00.000,8:03,Driver Inattention/Distraction,Unspecified,1,0,E-Bike
4456183,2021-09-11T00:00:00.000,13:53,Backing Unsafely,Unspecified,0,0,Sedan
4456582,2021-07-08T00:00:00.000,11:50,Driver Inattention/Distraction,Unspecified,2,0,Station Wagon/Sport Utility Vehicle
4456789,2021-09-11T00:00:00.000,14:00,Driver Inattention/Distraction,Unspecified,0,0,Station Wagon/Sport Utility Vehicle
4455757,2021-09-11T00:00:00.000,7:09,Unspecified,Unspecified,1,0,Sedan
4456604,2021-07-08T00:00:00.000,15:40,Driver Inexperience,Unspecified,0,0,Station Wagon/Sport Utility Vehicle
4457032,2021-09-07T00:00:00.000,3:00,Driver Inattention/Distraction,Unspecified,1,0,Sedan
4456651,2021-07-05T00:00:00.000,6:00,Other Vehicular,Unspecified,0,0,Sedan
4456045,2021-09-11T00:00:00.000,10:48,Unspecified,Unspecified,1,0,Station Wagon/Sport Utility Vehicle
4456537,2021-09-10T00:00:00.000,19:15,Passing or Lane Usage Improper,Unspecified,0,0,Sedan
4456646,2021-07-06T00:00:00.000,9:37,Driver Inattention/Distraction,Unspecified,2,0,Box Truck
4456631,2021-07-01T00:00:00.000,15:30,Driver Inattention/Distraction,Unspecified,0,0,Sedan
4456572,2021-07-07T00:00:00.000,18:04,Following Too Closely,Unspecified,1,0,Station Wagon/Sport Utility Vehicle
4456851,2021-09-08T00:00:00.000,17:40,Driver Inattention/Distraction,Unspecified,0,0,Box Truck
4455822,2021-09-11T00:00:00.000,7:33,Unspecified,Unspecified,1,0,Station Wagon/Sport Utility Vehicle
4456587,2021-07-08T00:00:00.000,11:50,Passing or Lane Usage Improper,Unspecified,1,0,Station Wagon/Sport Utility Vehicle
4455993,2021-09-11T00:00:00.000,8:00,Driver Inattention/Distraction,Unspecified,0,0,Ambulance
4456721,2021-09-08T00:00:00.000,8:43,Driver Inattention/Distraction,Unspecified,1,0,Sedan
4456186,2021-09-11T00:00:00.000,23:00,Unspecified,Unspecified,0,0,Sedan
4456819,2021-09-09T00:00:00.000,12:00,Unspecified,Unspecified,1,0,Motorcycle
4456609,2021-07-07T00:00:00.000,17:13,Driver Inattention/Distraction,Unspecified,1,0,Station Wagon/Sport Utility Vehicle
4456078,2021-09-11T00:00:00.000,18:03,Failure to Yield Right-of-Way,Unspecified,2,0,Station Wagon/Sport Utility Vehicle
4456529,2021-09-09T00:00:00.000,17:00,Driver Inexperience,Unspecified,0,0,Sedan
4456726,2021-09-08T00:00:00.000,18:13,Driver Inexperience,Unspecified,0,0,Taxi
4456558,2021-09-11T00:00:00.000,20:50,Passing or Lane Usage Improper,Unspecified,0,0,Station Wagon/Sport Utility Vehicle
4456705,2021-07-05T00:00:00.000,0:16,Driver Inexperience,Unspecified,0,0,Sedan
4456123,2021-09-11T00:00:00.000,18:21,Unspecified,Unspecified,0,0,Sedan
4456673,2021-06-29T00:00:00.000,16:26,Following Too Closely,Unspecified,0,0,Station Wagon/Sport Utility Vehicle
4456641,2021-07-09T00:00:00.000,3:52,Pavement Slippery,Unspecified,0,0,Sedan
4456599,2021-07-08T00:00:00.000,8:50,Unsafe Lane Changing,Unspecified,0,0,Tow Truck / Wrecker
4456688,2021-07-09T00:00:00.000,10:38,Tinted Windows,Unspecified,1,0,Sedan
4455904,2021-09-11T00:00:00.000,17:45,Driver Inattention/Distraction,Unspecified,0,0,Sedan
4455927,2021-09-11T00:00:00.000,1:30,Passing Too Closely,Unspecified,0,0,Dump
4456395,2021-09-11T00:00:00.000,2:00,Driver Inattention/Distraction,Unspecified,1,0,Unspecified
4456745,2021-09-11T00:00:00.000,17:08,Following Too Closely,Unspecified,0,0,Sedan
4456636,2021-07-08T00:00:00.000,23:25,Driver Inattention/Distraction,Unspecified,0,0,Station Wagon/Sport Utility Vehicle
4456036,2021-09-11T00:00:00.000,1:20,Aggressive Driving/Road Rage,Aggressive Driving/Road Rage,0,0,Sedan
4456785,2021-09-10T00:00:00.000,0:00,Failure to Yield Right-of-Way,Unspecified,1,0,Station Wagon/Sport Utility Vehicle
4456517,2021-09-08T00:00:00.000,16:33,Unsafe Lane Changing,Unspecified,0,0,Station Wagon/Sport Utility Vehicle
4456764,2021-09-10T00:00:00.000,11:17,Following Too Closely,Unspecified,1,0,Taxi
4456791,2021-09-10T00:00:00.000,17:08,Unspecified,Unspecified,1,0,Taxi
4456614,2021-07-08T00:00:00.000,17:55,Driver Inattention/Distraction,Unspecified,1,0,Motorcycle
4455863,2021-09-11T00:00:00.000,13:35,Driver Inattention/Distraction,Unspecified,0,0,Sedan
4456313,2021-09-11T00:00:00.000,0:50,Fell Asleep,Unspecified,0,0,Sedan
4456409,2021-09-11T00:00:00.000,3:00,Passing Too Closely,Unspecified,0,0,Tow Truck / Wrecker
4455916,2021-09-11T00:00:00.000,4:41,Unspecified,Unspecified,0,0,Sedan
4456096,2021-09-11T00:00:00.000,21:05,Passing or Lane Usage Improper,Unspecified,0,0,Sedan
4456878,2021-09-11T00:00:00.000,20:59,Driver Inattention/Distraction,Unspecified,0,0,Sedan
4456568,2021-07-04T00:00:00.000,22:22,Unspecified,Unspecified,1,0,Unspecified
4456953,2021-09-10T00:00:00.000,21:03,Unspecified,Unspecified,1,0,Sedan
4456522,2021-09-10T00:00:00.000,14:35,Following Too Closely,Unspecified,1,0,Sedan
4456700,2021-06-26T00:00:00.000,17:23,Unspecified,Unspecified,0,0,Sedan
4456023,2021-09-11T00:00:00.000,23:18,Passing or Lane Usage Improper,Turning Improperly,1,0,Sedan
4456810,2021-09-10T00:00:00.000,13:10,Driver Inattention/Distraction,Unspecified,0,0,Sedan
4456105,2021-09-11T00:00:00.000,15:45,Unspecified,Unspecified,0,0,Sedan
4456668,2021-07-08T00:00:00.000,16:00,Backing Unsafely,Unspecified,0,0,Station Wagon/Sport Utility Vehicle
4456867,2021-09-02T00:00:00.000,19:56,Unspecified,Unspecified,0,0,Sedan
4456988,2021-09-11T00:00:00.000,15:45,Following Too Closely,Unspecified,0,0,Station Wagon/Sport Utility Vehicle
4456859,2021-09-07T00:00:00.000,22:30,Driver Inattention/Distraction,Unspecified,0,0,Station Wagon/Sport Utility Vehicle
4456663,2021-06-25T00:00:00.000,14:35,Unspecified,Unspecified,0,0,Pick-up Truck
4456624,2021-07-08T00:00:00.000,18:40,Unsafe Lane Changing,Unspecified,0,0,Sedan
4456563,2021-07-04T00:00:00.000,4:00,Unspecified,Unspecified,1,0,Station Wagon/Sport Utility Vehicle
4456656,2021-07-08T00:00:00.000,21:19,Unsafe Speed,Unspecified,1,0,Sedan
4456388,2021-09-11T00:00:00.000,15:01,Driver Inattention/Distraction,Unspecified,0,0,Sedan
4456757,2021-09-10T00:00:00.000,19:00,Driver Inattention/Distraction,Unspecified,0,0,Sedan
4455827,2021-09-11T00:00:00.000,0:20,Driver Inexperience,Unspecified,3,0,Sedan
4456511,2021-09-10T00:00:00.000,10:55,Backing Unsafely,Unspecified,0,0,Sedan
4456741,2021-09-11T00:00:00.000,1:39,Unsafe Speed,Unspecified,0,0,Sedan
4455973,2021-09-11T00:00:00.000,18:16,Failure to Yield Right-of-Way,Unspecified,0,0,E-Bike
4456695,2021-07-08T00:00:00.000,12:58,Unspecified,Unspecified,0,0,Sedan
4456420,2021-09-11T00:00:00.000,22:30,Unspecified,Unspecified,0,0,Sedan
4456317,2021-09-11T00:00:00.000,18:55,Unspecified,Unspecified,0,0,Tow Truck / Wrecker
4456781,2021-09-07T00:00:00.000,12:42,Unsafe Speed,Unspecified,0,0,Sedan
4457006,2021-09-10T00:00:00.000,17:39,Unsafe Lane Changing,Driver Inattention/Distraction,1,0,Station Wagon/Sport Utility Vehicle
4456149,2021-09-11T00:00:00.000,19:20,Driver Inattention/Distraction,Failure to Yield Right-of-Way,0,0,Sedan
4456667,2021-06-30T00:00:00.000,19:20,Passing or Lane Usage Improper,Unspecified,0,0,Sedan
4456885,2021-09-10T00:00:00.000,20:19,Driver Inattention/Distraction,Unspecified,0,0,Station Wagon/Sport Utility Vehicle
4456595,2021-07-08T00:00:00.000,13:26,Pedestrian/Bicyclist/Other Pedestrian Error/Confusion,Unspecified,1,0,Pick-up Truck
4456980,2021-09-11T00:00:00.000,8:45,Driver Inattention/Distraction,Unspecified,0,0,Sedan
4456203,2021-09-11T00:00:00.000,19:00,Unsafe Speed,Unspecified,0,0,Station Wagon/Sport Utility Vehicle
4456564,2021-07-04T00:00:00.000,23:50,Driver Inattention/Distraction,Unspecified,0,0,Sedan
4456678,2021-07-01T00:00:00.000,8:10,Passing Too Closely,Unspecified,0,0,Station Wagon/Sport Utility Vehicle
4456052,2021-09-11T00:00:00.000,3:00,Unspecified,Unspecified,0,0,Van
4514217,2022-03-25T00:00:00.000,9:55,Driver Inattention/Distraction,Unspecified,0,0,Sedan
4456903,2021-09-01T00:00:00.000,19:30,Failure to Yield Right-of-Way,Unspecified,1,0,Sedan
4456982,2021-09-10T00:00:00.000,15:20,Driver Inattention/Distraction,Driver Inattention/Distraction,1,0,Sedan
4456544,2021-09-11T00:00:00.000,15:30,Following Too Closely,Unspecified,0,0,Sedan
4456104,2021-09-11T00:00:00.000,14:34,Driver Inexperience,Unspecified,0,0,Box Truck
4456860,2021-09-10T00:00:00.000,9:00,Driver Inattention/Distraction,Unspecified,0,0,Pick-up Truck
4456454,2021-09-11T00:00:00.000,3:25,Unspecified,Unspecified,0,0,Pick-up Truck
4455840,2021-09-11T00:00:00.000,1:00,Driver Inattention/Distraction,Unspecified,0,0,Pick-up Truck
4456235,2021-09-11T00:00:00.000,11:25,Driver Inattention/Distraction,Unspecified,1,0,Sedan
4455935,2021-09-11T00:00:00.000,21:30,Driver Inexperience,Unspecified,2,0,Sedan
4456710,2021-07-09T00:00:00.000,12:30,Driver Inattention/Distraction,Unspecified,1,0,E-Bike
4457021,2021-09-05T00:00:00.000,21:18,Unspecified,Unspecified,5,0,Sedan
4456296,2021-09-11T00:00:00.000,3:00,Driver Inattention/Distraction,Unspecified,0,0,Station Wagon/Sport Utility Vehicle
4456043,2021-09-11T00:00:00.000,11:30,Unsafe Speed,Unspecified,3,0,Station Wagon/Sport Utility Vehicle
4456227,2021-09-11T00:00:00.000,21:35,Unspecified,Unspecified,0,0,Sedan
4456682,2021-07-08T00:00:00.000,16:04,Unspecified,Unspecified,0,0,Sedan
4456576,2021-07-02T00:00:00.000,14:00,Driver Inattention/Distraction,Unspecified,1,0,Unspecified
4456134,2021-09-11T00:00:00.000,23:20,Following Too Closely,Unspecified,1,0,Sedan
4456583,2021-07-08T00:00:00.000,12:25,Unspecified,Unspecified,1,0,Sedan
4456605,2021-07-08T00:00:00.000,15:15,Passing Too Closely,Unspecified,0,0,Sedan
4456699,2021-07-09T00:00:00.000,12:22,Failure to Yield Right-of-Way,Unspecified,0,0,Bus
4456536,2021-09-09T00:00:00.000,15:15,Unsafe Speed,Unspecified,0,0,Pick-up Truck
4456650,2021-07-09T00:00:00.000,3:25,Traffic Control Disregarded,Unspecified,0,0,Sedan
4456752,2021-09-11T00:00:00.000,2:05,Animals Action,Unspecified,0,0,Station Wagon/Sport Utility Vehicle
4456637,2021-07-09T00:00:00.000,0:00,Passing Too Closely,Unspecified,0,0,Station Wagon/Sport Utility Vehicle
4456769,2021-09-11T00:00:00.000,15:30,Driver Inattention/Distraction,Unspecified,0,0,Sedan
4456786,2021-09-10T00:00:00.000,21:27,Driver Inattention/Distraction,Unspecified,2,0,Sedan
4456798,2021-09-08T00:00:00.000,10:10,Pedestrian/Bicyclist/Other Pedestrian Error/Confusion,Failure to Yield Right-of-Way,1,0,Sedan
4456410,2021-09-11T00:00:00.000,10:00,Reaction to Uninvolved Vehicle,Unspecified,1,0,Motorcycle
4455912,2021-09-11T00:00:00.000,7:58,Driver Inattention/Distraction,Following Too Closely,0,0,Sedan
4455917,2021-09-11T00:00:00.000,16:25,Driver Inattention/Distraction,Driver Inattention/Distraction,0,0,Taxi
4136992,2019-05-21T00:00:00.000,22:50,Passing or Lane Usage Improper,Unspecified,0,0,ï¿½MBU
4277087,2020-01-21T00:00:00.000,15:49,Driver Inattention/Distraction,Unspecified,0,0,Sedan
4395664,2021-02-26T00:00:00.000,14:50,Unspecified,Unspecified,0,0,Station Wagon/Sport Utility Vehicle
4397513,2021-03-09T00:00:00.000,11:00,Following Too Closely,Unspecified,1,0,Pick-up Truck
4403773,2021-03-31T00:00:00.000,22:20,Driver Inexperience,Unspecified,1,0,Sedan
4405244,2021-04-06T00:00:00.000,22:58,Failure to Yield Right-of-Way,Unsafe Speed,7,0,Station Wagon/Sport Utility Vehicle
4405914,2021-04-09T00:00:00.000,14:45,Driver Inattention/Distraction,Unspecified,1,0,Sedan
4408191,2021-04-14T00:00:00.000,13:00,Following Too Closely,Unspecified,0,0,Station Wagon/Sport Utility Vehicle
4407366,2021-04-14T00:00:00.000,11:00,Brakes Defective,Unspecified,1,0,Station Wagon/Sport Utility Vehicle
4408149,2021-04-16T00:00:00.000,21:15,Driver Inattention/Distraction,Unspecified,0,0,Station Wagon/Sport Utility Vehicle
4407778,2021-04-15T00:00:00.000,13:30,Following Too Closely,Unspecified,0,0,Sedan
4407461,2021-04-14T00:00:00.000,14:40,Passing Too Closely,Unspecified,0,0,Box Truck
4407407,2021-04-14T00:00:00.000,21:43,Turning Improperly,Unspecified,0,0,Station Wagon/Sport Utility Vehicle
4407900,2021-04-16T00:00:00.000,17:40,Unspecified,Unspecified,0,0,Sedan
4407760,2021-04-16T00:00:00.000,0:50,Driver Inexperience,Unspecified,0,0,Sedan
4407746,2021-04-15T00:00:00.000,10:30,Unspecified,Unspecified,0,0,Sedan
4408143,2021-04-16T00:00:00.000,16:35,Unsafe Speed,Unspecified,2,0,Station Wagon/Sport Utility Vehicle
4407638,2021-04-15T00:00:00.000,17:20,Following Too Closely,Unspecified,1,0,Sedan
4407958,2021-04-16T00:00:00.000,21:20,Backing Unsafely,Unspecified,0,0,Sedan
4407885,2021-04-16T00:00:00.000,17:20,Driver Inattention/Distraction,Unspecified,0,0,Station Wagon/Sport Utility Vehicle
4407616,2021-04-15T00:00:00.000,14:30,Driver Inattention/Distraction,Driver Inattention/Distraction,0,0,Sedan
4456355,2021-09-11T00:00:00.000,22:57,Unsafe Speed,Unspecified,2,0,PK
4408038,2021-04-16T00:00:00.000,23:20,Unspecified,Unspecified,3,0,Station Wagon/Sport Utility Vehicle
4408224,2021-04-16T00:00:00.000,18:15,Driver Inattention/Distraction,Unspecified,0,0,Sedan
4407392,2021-04-14T00:00:00.000,13:00,Passing or Lane Usage Improper,Unspecified,0,0,Pick-up Truck
4456603,2021-06-30T00:00:00.000,11:47,Passing Too Closely,Unspecified,0,0,Station Wagon/Sport Utility Vehicle
4407765,2021-04-14T00:00:00.000,20:14,Driver Inattention/Distraction,Unspecified,0,0,Sedan
4407821,2021-04-14T00:00:00.000,15:16,Passing Too Closely,Unspecified,1,0,Sedan
4407971,2021-04-15T00:00:00.000,19:30,Unspecified,Unspecified,0,0,Sedan
4408071,2021-04-16T00:00:00.000,13:15,View Obstructed/Limited,Driver Inexperience,0,0,Station Wagon/Sport Utility Vehicle
4407430,2021-04-14T00:00:00.000,21:08,Steering Failure,Unspecified,0,0,Station Wagon/Sport Utility Vehicle
4408259,2021-04-13T00:00:00.000,20:34,Failure to Yield Right-of-Way,Unspecified,1,0,Sedan
4407049,2021-04-13T00:00:00.000,14:10,Unspecified,Unspecified,0,0,Sedan
4408369,2021-04-14T00:00:00.000,22:00,Unspecified,Unspecified,3,0,Station Wagon/Sport Utility Vehicle
4407592,2021-04-15T00:00:00.000,12:16,Traffic Control Disregarded,Unspecified,0,0,Station Wagon/Sport Utility Vehicle
4407674,2021-04-15T00:00:00.000,18:15,Unspecified,Unspecified,0,0,Sedan
4407708,2021-04-15T00:00:00.000,19:30,Passing or Lane Usage Improper,Unspecified,1,0,Sedan
4408396,2021-04-14T00:00:00.000,21:04,Drugs (illegal),Unspecified,1,0,Station Wagon/Sport Utility Vehicle
4407152,2021-04-14T00:00:00.000,1:40,Other Vehicular,Unsafe Speed,0,0,Sedan
4407862,2021-04-16T00:00:00.000,18:00,Reaction to Uninvolved Vehicle,Unspecified,0,0,Sedan
4407435,2021-04-14T00:00:00.000,8:30,Following Too Closely,Unspecified,0,0,Sedan
4407636,2021-04-15T00:00:00.000,12:05,Driver Inattention/Distraction,Unspecified,1,0,Station Wagon/Sport Utility Vehicle
4407792,2021-04-16T00:00:00.000,11:00,Turning Improperly,Unspecified,1,0,Station Wagon/Sport Utility Vehicle
4407853,2021-04-16T00:00:00.000,17:00,Traffic Control Disregarded,Unspecified,5,0,Sedan
4408205,2021-04-16T00:00:00.000,12:00,Unspecified,Unspecified,0,0,Box Truck
4407945,2021-04-16T00:00:00.000,20:27,Unspecified,Unspecified,0,0,Sedan
4408118,2021-04-15T00:00:00.000,18:25,Unspecified,Unspecified,0,0,Sedan
4408242,2021-04-12T00:00:00.000,16:08,Unspecified,Unspecified,1,0,Station Wagon/Sport Utility Vehicle
4407563,2021-04-14T00:00:00.000,11:55,Aggressive Driving/Road Rage,Unspecified,0,0,Sedan
4408098,2021-04-14T00:00:00.000,1:30,Driver Inattention/Distraction,Unspecified,0,0,Sedan
4407169,2021-04-14T00:00:00.000,3:25,Unsafe Speed,Unspecified,3,0,Station Wagon/Sport Utility Vehicle
4407798,2021-04-16T00:00:00.000,8:05,Following Too Closely,Unspecified,1,0,Station Wagon/Sport Utility Vehicle
4407797,2021-04-15T00:00:00.000,20:13,Driver Inattention/Distraction,Unspecified,1,0,Unspecified
4407349,2021-04-14T00:00:00.000,16:30,Failure to Yield Right-of-Way,Unspecified,2,0,Station Wagon/Sport Utility Vehicle
4407994,2021-04-14T00:00:00.000,20:15,Passing Too Closely,Unspecified,0,0,Station Wagon/Sport Utility Vehicle
4408032,2021-04-15T00:00:00.000,16:37,Driver Inattention/Distraction,Unspecified,1,0,Sedan
4407478,2021-04-15T00:00:00.000,6:05,Driver Inattention/Distraction,Driver Inattention/Distraction,1,0,Sedan
4407924,2021-04-16T00:00:00.000,8:40,Failure to Yield Right-of-Way,Unspecified,1,0,Sedan
4408315,2021-04-15T00:00:00.000,20:15,Turning Improperly,Unspecified,0,0,Ambulance
4407892,2021-04-13T00:00:00.000,23:00,Driver Inattention/Distraction,Unspecified,0,0,Sedan
4408280,2021-04-16T00:00:00.000,20:55,Driver Inattention/Distraction,Unspecified,0,0,Sedan
4408403,2021-04-15T00:00:00.000,17:25,Unspecified,Unspecified,0,0,Sedan
4407753,2021-04-16T00:00:00.000,6:45,Reaction to Uninvolved Vehicle,Driver Inattention/Distraction,0,0,Station Wagon/Sport Utility Vehicle
4408003,2021-04-10T00:00:00.000,12:00,Unspecified,Unspecified,0,0,Sedan
4407497,2021-04-14T00:00:00.000,15:53,Reaction to Uninvolved Vehicle,Unspecified,0,0,Station Wagon/Sport Utility Vehicle
4408229,2021-04-09T00:00:00.000,17:00,Backing Unsafely,Unspecified,0,0,Station Wagon/Sport Utility Vehicle
4407525,2021-04-14T00:00:00.000,19:10,Unspecified,Unspecified,0,0,Sedan
4407817,2021-04-16T00:00:00.000,13:55,Unsafe Speed,Failure to Yield Right-of-Way,0,0,Station Wagon/Sport Utility Vehicle
4407539,2021-04-14T00:00:00.000,0:00,Driver Inattention/Distraction,Unspecified,2,0,Station Wagon/Sport Utility Vehicle
4455944,2021-09-11T00:00:00.000,20:00,Unspecified,Unspecified,0,0,Sedan
4408306,2021-04-16T00:00:00.000,16:00,Driver Inattention/Distraction,Unspecified,0,0,Sedan
4407830,2021-04-15T00:00:00.000,22:25,Failure to Yield Right-of-Way,Unspecified,1,0,Sedan
4407282,2021-04-14T00:00:00.000,10:09,Unspecified,Unspecified,0,0,Tow Truck / Wrecker
4407688,2021-04-16T00:00:00.000,0:01,Driver Inexperience,Unspecified,0,0,Station Wagon/Sport Utility Vehicle
4407701,2021-04-15T00:00:00.000,20:45,Driver Inattention/Distraction,Unspecified,0,0,Sedan
4407728,2021-04-15T00:00:00.000,7:00,Driver Inattention/Distraction,Unspecified,0,0,Sedan
4408052,2021-04-15T00:00:00.000,10:45,Following Too Closely,Unspecified,0,0,Station Wagon/Sport Utility Vehicle
4407849,2021-04-16T00:00:00.000,12:00,Failure to Yield Right-of-Way,Unspecified,0,0,Sedan
4407320,2021-04-14T00:00:00.000,6:50,Following Too Closely,Following Too Closely,0,0,Station Wagon/Sport Utility Vehicle
4407291,2021-04-14T00:00:00.000,3:39,Unspecified,Unspecified,0,0,Sedan
4408200,2021-04-16T00:00:00.000,22:00,Unspecified,Unspecified,0,0,Sedan
4407649,2021-04-14T00:00:00.000,0:00,Failure to Yield Right-of-Way,Unspecified,1,0,Station Wagon/Sport Utility Vehicle
4407802,2021-04-15T00:00:00.000,19:10,Driver Inattention/Distraction,Unspecified,0,0,Sedan
4407345,2021-04-14T00:00:00.000,13:35,Driver Inattention/Distraction,Unspecified,1,0,Station Wagon/Sport Utility Vehicle
4408356,2021-04-16T00:00:00.000,15:05,Failure to Yield Right-of-Way,Unspecified,0,0,Sedan
4407245,2021-04-14T00:00:00.000,9:33,Failure to Yield Right-of-Way,Unspecified,0,0,Station Wagon/Sport Utility Vehicle
4408057,2021-04-13T00:00:00.000,16:05,Unspecified,Unspecified,0,0,Station Wagon/Sport Utility Vehicle
4407538,2021-04-15T00:00:00.000,9:27,Backing Unsafely,Unspecified,0,0,Station Wagon/Sport Utility Vehicle
4408332,2021-04-16T00:00:00.000,11:45,Passing Too Closely,Unspecified,0,0,Sedan
4407785,2021-04-11T00:00:00.000,8:56,Driver Inattention/Distraction,Unspecified,0,0,Sedan
4407929,2021-04-16T00:00:00.000,13:02,Driver Inattention/Distraction,Unspecified,0,0,Sedan
4407425,2021-04-14T00:00:00.000,0:00,Driver Inattention/Distraction,Unspecified,0,0,Station Wagon/Sport Utility Vehicle
4408123,2021-04-16T00:00:00.000,5:30,Driver Inattention/Distraction,Unspecified,0,0,Station Wagon/Sport Utility Vehicle
4408290,2021-04-16T00:00:00.000,20:26,Failure to Yield Right-of-Way,Unspecified,1,0,Unspecified
4408412,2021-04-13T00:00:00.000,9:00,Unspecified,Unspecified,0,0,Sedan
4407757,2021-04-15T00:00:00.000,11:45,Passing or Lane Usage Improper,Unspecified,0,0,Station Wagon/Sport Utility Vehicle
4407770,2021-04-01T00:00:00.000,0:10,Reaction to Uninvolved Vehicle,Unspecified,0,0,Station Wagon/Sport Utility Vehicle
4407554,2021-04-15T00:00:00.000,11:41,Passing Too Closely,Unspecified,0,0,Sedan
4407873,2021-04-15T00:00:00.000,2:00,Driver Inattention/Distraction,Unspecified,0,0,Sedan
4407502,2021-04-15T00:00:00.000,0:05,Steering Failure,Unspecified,0,0,Station Wagon/Sport Utility Vehicle
4408044,2021-04-16T00:00:00.000,11:30,Unspecified,Unspecified,0,0,Sedan
4408165,2021-04-16T00:00:00.000,15:30,Fell Asleep,Unspecified,0,0,Sedan
4407544,2021-04-14T00:00:00.000,15:00,Driver Inattention/Distraction,Unspecified,0,0,Sedan
4407277,2021-04-14T00:00:00.000,8:03,Driver Inattention/Distraction,Unspecified,1,0,Taxi
4407834,2021-04-16T00:00:00.000,7:45,Driver Inattention/Distraction,Unspecified,0,0,Sedan
4407338,2021-04-14T00:00:00.000,6:45,View Obstructed/Limited,Unspecified,0,0,Station Wagon/Sport Utility Vehicle
4407397,2021-04-14T00:00:00.000,22:43,Driver Inattention/Distraction,Unspecified,0,0,Pick-up Truck
4408109,2021-04-15T00:00:00.000,16:55,Driver Inattention/Distraction,Unspecified,1,0,Sedan
4407683,2021-04-14T00:00:00.000,18:00,Backing Unsafely,Unspecified,0,0,Station Wagon/Sport Utility Vehicle
4407829,2021-04-15T00:00:00.000,12:26,Failure to Yield Right-of-Way,Turning Improperly,2,0,Station Wagon/Sport Utility Vehicle
4456397,2021-09-11T00:00:00.000,22:15,Unspecified,Unspecified,1,0,Motorcycle
4407496,2021-04-15T00:00:00.000,8:10,Driver Inexperience,Unspecified,0,0,Station Wagon/Sport Utility Vehicle
4407609,2021-04-15T00:00:00.000,16:00,Unspecified,Unspecified,0,0,Sedan
4407441,2021-04-14T00:00:00.000,16:00,Driver Inattention/Distraction,Driver Inattention/Distraction,1,0,Station Wagon/Sport Utility Vehicle
4407689,2021-04-15T00:00:00.000,18:30,Unspecified,Unspecified,0,0,Sedan
4407861,2021-04-16T00:00:00.000,14:56,Unspecified,Unspecified,0,0,Station Wagon/Sport Utility Vehicle
4407350,2021-04-14T00:00:00.000,17:30,Unspecified,Unspecified,0,0,Sedan
4407721,2021-04-14T00:00:00.000,7:15,Unspecified,Unspecified,0,0,Sedan
4407381,2021-04-14T00:00:00.000,20:10,Pedestrian/Bicyclist/Other Pedestrian Error/Confusion,Unspecified,0,0,Station Wagon/Sport Utility Vehicle
4407653,2021-04-15T00:00:00.000,9:28,Unspecified,Unspecified,0,0,Station Wagon/Sport Utility Vehicle
4407299,2021-04-14T00:00:00.000,9:05,Driver Inattention/Distraction,Unspecified,1,0,Station Wagon/Sport Utility Vehicle
4407590,2021-04-14T00:00:00.000,10:49,Driver Inattention/Distraction,Unspecified,1,0,Station Wagon/Sport Utility Vehicle
4407896,2021-04-16T00:00:00.000,14:30,Passing Too Closely,Unspecified,0,0,Sedan
4407914,2021-04-16T00:00:00.000,18:05,Alcohol Involvement,Unspecified,0,0,Sedan
4407512,2021-04-14T00:00:00.000,0:00,Driver Inexperience,Unspecified,0,0,Sedan
4408427,2021-04-15T00:00:00.000,15:37,Unspecified,Unspecified,0,0,Sedan
4407532,2021-04-14T00:00:00.000,17:20,Failure to Yield Right-of-Way,Driver Inexperience,0,0,E-Bike
4408086,2021-04-14T00:00:00.000,23:17,Driver Inexperience,Unspecified,1,0,Sedan
4407856,2021-04-16T00:00:00.000,9:25,Driver Inattention/Distraction,Unspecified,1,0,Station Wagon/Sport Utility Vehicle
4407729,2021-04-15T00:00:00.000,16:00,Unspecified,Unspecified,1,0,Van
4407789,2021-04-13T00:00:00.000,17:55,Pedestrian/Bicyclist/Other Pedestrian Error/Confusion,Unspecified,1,0,Station Wagon/Sport Utility Vehicle
4408129,2021-04-16T00:00:00.000,21:00,Backing Unsafely,Unspecified,0,0,Sedan
4407576,2021-04-15T00:00:00.000,10:30,Failure to Yield Right-of-Way,Unspecified,1,0,Station Wagon/Sport Utility Vehicle
4408193,2021-04-15T00:00:00.000,23:36,View Obstructed/Limited,Unspecified,0,0,Ambulance
4407643,2021-04-15T00:00:00.000,0:00,Driver Inattention/Distraction,Unspecified,0,0,Sedan
4407906,2021-04-15T00:00:00.000,21:33,Passing or Lane Usage Improper,Passing or Lane Usage Improper,0,0,Sedan
4407414,2021-04-14T00:00:00.000,19:45,Driver Inattention/Distraction,Driver Inattention/Distraction,1,0,Sedan
4407623,2021-04-14T00:00:00.000,7:45,Passing or Lane Usage Improper,Unspecified,2,0,Station Wagon/Sport Utility Vehicle
4407436,2021-04-14T00:00:00.000,12:30,Driver Inattention/Distraction,Unspecified,0,0,Sedan
4407952,2021-04-16T00:00:00.000,8:30,Traffic Control Disregarded,Driver Inattention/Distraction,0,0,Station Wagon/Sport Utility Vehicle
4407761,2021-04-14T00:00:00.000,11:15,Failure to Yield Right-of-Way,Unspecified,2,0,Flat Bed
4408063,2021-04-15T00:00:00.000,15:18,Driver Inattention/Distraction,Unspecified,0,1,Station Wagon/Sport Utility Vehicle
4407388,2021-04-14T00:00:00.000,17:50,Driver Inattention/Distraction,Unspecified,0,0,Sedan
4407766,2021-04-14T00:00:00.000,10:29,Unspecified,Unspecified,1,0,Station Wagon/Sport Utility Vehicle
4407901,2021-04-15T00:00:00.000,20:02,Passing or Lane Usage Improper,Unspecified,0,0,Station Wagon/Sport Utility Vehicle
4408104,2021-04-14T00:00:00.000,19:20,Driver Inattention/Distraction,Driver Inattention/Distraction,1,0,Sedan
4407486,2021-04-14T00:00:00.000,19:00,Unspecified,Unspecified,0,0,Sedan
4456618,2021-07-08T00:00:00.000,19:55,Other Vehicular,Other Vehicular,0,0,Sedan
4408264,2021-04-14T00:00:00.000,22:21,Driver Inattention/Distraction,Unspecified,0,0,Moped
4407678,2021-04-15T00:00:00.000,15:25,Turning Improperly,Driver Inattention/Distraction,0,0,Sedan
4407355,2021-04-14T00:00:00.000,11:30,Unsafe Speed,Unspecified,1,0,Moped
4408155,2021-04-16T00:00:00.000,23:14,Unspecified,Unspecified,3,0,Sedan
4408271,2021-04-13T00:00:00.000,9:30,Following Too Closely,Unspecified,0,0,Station Wagon/Sport Utility Vehicle
4408380,2021-04-16T00:00:00.000,13:59,Failure to Yield Right-of-Way,Unspecified,1,0,Station Wagon/Sport Utility Vehicle
4407598,2021-04-14T00:00:00.000,6:35,Backing Unsafely,Unspecified,0,0,Station Wagon/Sport Utility Vehicle
4407693,2021-04-15T00:00:00.000,22:36,Alcohol Involvement,Unspecified,4,1,Sedan
4407866,2021-04-16T00:00:00.000,14:50,Driver Inexperience,Unspecified,2,0,Station Wagon/Sport Utility Vehicle
4407452,2021-04-14T00:00:00.000,18:35,Driver Inattention/Distraction,Unspecified,0,0,Sedan
4407809,2021-04-13T00:00:00.000,10:30,Driver Inattention/Distraction,Driver Inattention/Distraction,0,0,Tractor Truck Diesel
4407393,2021-04-14T00:00:00.000,6:55,Passing or Lane Usage Improper,Following Too Closely,0,0,Sedan
4407453,2021-04-14T00:00:00.000,16:58,Driver Inattention/Distraction,Unspecified,1,0,Sedan
4408214,2021-04-12T00:00:00.000,18:30,Passing or Lane Usage Improper,Unspecified,0,0,Sedan
4407824,2021-04-16T00:00:00.000,12:10,Unspecified,Unspecified,0,0,Box Truck
4407431,2021-04-14T00:00:00.000,9:00,Unspecified,Unspecified,0,0,Sedan
4407632,2021-04-14T00:00:00.000,17:00,Unspecified,Unspecified,2,0,Sedan
4407841,2021-04-13T00:00:00.000,13:14,Turning Improperly,Turning Improperly,0,0,Sedan
4407096,2021-04-14T00:00:00.000,2:25,Traffic Control Disregarded,Unspecified,1,0,Sedan
4407658,2021-04-15T00:00:00.000,16:00,Driver Inattention/Distraction,Unspecified,0,0,Sedan
4407933,2021-04-16T00:00:00.000,11:35,Following Too Closely,Unspecified,1,0,Station Wagon/Sport Utility Vehicle
4407976,2021-04-16T00:00:00.000,12:26,Backing Unsafely,Unspecified,1,0,Station Wagon/Sport Utility Vehicle
4407714,2021-04-16T00:00:00.000,0:30,Unsafe Speed,Unspecified,1,0,Sedan
4407373,2021-04-14T00:00:00.000,17:55,Following Too Closely,Unspecified,0,0,Sedan
4407568,2021-04-14T00:00:00.000,23:36,Passing Too Closely,Unspecified,0,0,Sedan
4407707,2021-04-15T00:00:00.000,20:00,Passing or Lane Usage Improper,Unspecified,0,0,AMBULANCE
4407692,2021-04-16T00:00:00.000,6:00,Unspecified,Unspecified,0,0,Unspecified
4407615,2021-04-15T00:00:00.000,15:10,Passing or Lane Usage Improper,Unspecified,1,0,Bike
4407865,2021-04-16T00:00:00.000,20:00,Passing or Lane Usage Improper,Unspecified,0,0,Station Wagon/Sport Utility Vehicle
4407154,2021-04-14T00:00:00.000,6:13,Unspecified,Unspecified,0,0,Sedan
4407637,2021-04-15T00:00:00.000,14:41,Unspecified,Unspecified,1,0,Sedan
4407354,2021-04-14T00:00:00.000,11:54,Failure to Yield Right-of-Way,Unspecified,1,0,Station Wagon/Sport Utility Vehicle
4407793,2021-04-16T00:00:00.000,11:50,Reaction to Uninvolved Vehicle,Unspecified,0,0,Station Wagon/Sport Utility Vehicle
4407432,2021-04-14T00:00:00.000,14:00,Unspecified,Unspecified,0,0,Station Wagon/Sport Utility Vehicle
4407946,2021-04-16T00:00:00.000,23:55,Unsafe Lane Changing,Unspecified,0,0,Sedan
4407852,2021-04-16T00:00:00.000,14:30,Driver Inattention/Distraction,Unspecified,0,0,Sedan
4408249,2021-04-15T00:00:00.000,23:00,Unspecified,Unspecified,0,0,Sedan
4456019,2021-09-11T00:00:00.000,11:30,Unspecified,Unspecified,0,0,Sedan
4407987,2021-04-15T00:00:00.000,18:00,Following Too Closely,Unspecified,0,0,Sedan
4408215,2021-04-14T00:00:00.000,20:19,Driver Inexperience,Unspecified,0,0,Sedan
4408027,2021-04-15T00:00:00.000,14:36,Driver Inattention/Distraction,Unspecified,1,0,Sedan
4407389,2021-04-14T00:00:00.000,11:16,Other Vehicular,Other Vehicular,1,0,Station Wagon/Sport Utility Vehicle
4407562,2021-04-15T00:00:00.000,10:00,Passing or Lane Usage Improper,Unspecified,0,0,Sedan
4407794,2021-04-12T00:00:00.000,21:30,Driver Inattention/Distraction,Unspecified,0,0,Sedan
4407596,2021-04-15T00:00:00.000,14:06,Driver Inattention/Distraction,Driver Inattention/Distraction,2,0,Station Wagon/Sport Utility Vehicle
4407779,2021-04-16T00:00:00.000,7:00,Following Too Closely,Following Too Closely,1,0,Sedan
4407997,2021-04-16T00:00:00.000,15:21,Unspecified,Unspecified,0,0,Taxi
4407408,2021-04-15T00:00:00.000,0:40,Driver Inattention/Distraction,Unspecified,1,0,Sedan
4408313,2021-04-15T00:00:00.000,18:00,Unspecified,Unspecified,0,0,Sedan
4456486,2021-09-11T00:00:00.000,16:30,Failure to Yield Right-of-Way,Unspecified,0,0,Sedan
4407747,2021-04-15T00:00:00.000,8:40,Passing or Lane Usage Improper,Driver Inattention/Distraction,0,0,Station Wagon/Sport Utility Vehicle
4408402,2021-04-16T00:00:00.000,17:25,Driver Inattention/Distraction,View Obstructed/Limited,0,0,Station Wagon/Sport Utility Vehicle
4407702,2021-04-16T00:00:00.000,6:40,Unspecified,Unspecified,0,0,Sedan
4407652,2021-04-15T00:00:00.000,14:00,Following Too Closely,Following Too Closely,1,0,Station Wagon/Sport Utility Vehicle
4407762,2021-04-15T00:00:00.000,11:00,Failure to Yield Right-of-Way,Unspecified,1,0,Sedan
4407297,2021-04-14T00:00:00.000,9:31,Passing Too Closely,Unspecified,0,0,Station Wagon/Sport Utility Vehicle
4407321,2021-04-14T00:00:00.000,12:40,Driver Inattention/Distraction,Unspecified,0,0,Station Wagon/Sport Utility Vehicle
4408100,2021-04-08T00:00:00.000,21:52,Unspecified,Unspecified,0,0,Sedan
4407505,2021-04-14T00:00:00.000,8:58,Passing or Lane Usage Improper,Unspecified,0,0,Station Wagon/Sport Utility Vehicle
4408047,2021-04-09T00:00:00.000,1:15,Following Too Closely,Unspecified,0,0,Sedan
4407805,2021-04-14T00:00:00.000,17:30,Turning Improperly,Unspecified,1,0,Station Wagon/Sport Utility Vehicle
4407697,2021-04-15T00:00:00.000,0:00,Driver Inattention/Distraction,Unspecified,0,0,Sedan
4407367,2021-04-14T00:00:00.000,8:30,Unspecified,Unspecified,0,0,Sedan
4407837,2021-04-05T00:00:00.000,16:21,Passing Too Closely,Unspecified,3,0,Station Wagon/Sport Utility Vehicle
4407548,2021-04-14T00:00:00.000,10:40,Failure to Yield Right-of-Way,Unsafe Speed,1,0,Taxi
4407820,2021-04-16T00:00:00.000,8:30,Unspecified,Unspecified,0,0,Trailer
4456635,2021-07-08T00:00:00.000,16:45,View Obstructed/Limited,View Obstructed/Limited,1,0,Sedan
4408150,2021-04-16T00:00:00.000,18:50,Unspecified,Unspecified,0,0,Sedan
4407842,2021-04-16T00:00:00.000,15:23,Following Too Closely,Unspecified,1,0,Sedan
4407673,2021-04-15T00:00:00.000,17:55,Pavement Slippery,Unspecified,2,0,Station Wagon/Sport Utility Vehicle
4407278,2021-04-14T00:00:00.000,0:42,Unspecified,Unspecified,0,0,Taxi
4407459,2021-04-14T00:00:00.000,12:30,Driver Inattention/Distraction,Unspecified,1,0,Van
4407514,2021-04-15T00:00:00.000,8:30,Unspecified,Unspecified,0,0,Bus
4408367,2021-04-15T00:00:00.000,18:36,Driver Inattention/Distraction,Unspecified,2,0,Sedan
4407313,2021-04-14T00:00:00.000,13:45,Driver Inattention/Distraction,Unspecified,0,0,Sedan
4407396,2021-04-14T00:00:00.000,19:46,Unspecified,Unspecified,0,0,Station Wagon/Sport Utility Vehicle
4407883,2021-04-13T00:00:00.000,17:11,Following Too Closely,Unspecified,0,0,Sedan
4407611,2021-04-15T00:00:00.000,16:18,Unsafe Speed,Unspecified,0,0,Sedan
4408053,2021-04-15T00:00:00.000,12:40,Backing Unsafely,Unspecified,0,0,Station Wagon/Sport Utility Vehicle
4407905,2021-04-16T00:00:00.000,17:45,Failure to Yield Right-of-Way,Unspecified,0,0,Sedan
4407642,2021-04-15T00:00:00.000,20:00,Pedestrian/Bicyclist/Other Pedestrian Error/Confusion,Unspecified,1,0,Taxi
4407556,2021-04-15T00:00:00.000,11:45,Unsafe Lane Changing,Unspecified,0,0,Sedan
4407774,2021-04-05T00:00:00.000,16:27,Unspecified,Unspecified,0,0,Station Wagon/Sport Utility Vehicle
4407360,2021-04-14T00:00:00.000,13:30,Passing or Lane Usage Improper,Unspecified,0,0,Sedan
4408139,2021-04-14T00:00:00.000,18:56,Pavement Defective,Unspecified,1,0,Motorcycle
4407848,2021-04-16T00:00:00.000,9:10,Unspecified,Unspecified,0,0,Station Wagon/Sport Utility Vehicle
4407401,2021-04-15T00:00:00.000,1:30,Unspecified,Unspecified,0,0,Station Wagon/Sport Utility Vehicle
4485464,2021-12-10T00:00:00.000,12:15,Backing Unsafely,Unspecified,0,0,Sedan
4408223,2021-04-12T00:00:00.000,6:00,Other Lighting Defects,Unspecified,0,0,Garbage or Refuse
4408075,2021-04-14T00:00:00.000,19:50,Unspecified,Unspecified,1,0,Station Wagon/Sport Utility Vehicle
4407967,2021-04-16T00:00:00.000,11:30,Unspecified,Unspecified,0,0,Sedan
4407875,2021-04-16T00:00:00.000,23:45,Reaction to Uninvolved Vehicle,Unspecified,0,0,Pick-up Truck
4407915,2021-04-11T00:00:00.000,18:45,Driver Inattention/Distraction,Unspecified,0,0,Station Wagon/Sport Utility Vehicle
4408258,2021-04-16T00:00:00.000,8:30,Failure to Yield Right-of-Way,Unspecified,1,0,Sedan
4408033,2021-04-15T00:00:00.000,19:39,Unspecified,Unspecified,1,0,Unspecified
4408308,2021-04-14T00:00:00.000,21:00,Following Too Closely,Turning Improperly,2,0,Sedan
4407869,2021-04-16T00:00:00.000,19:00,Unspecified,Unspecified,0,0,Station Wagon/Sport Utility Vehicle
4407732,2021-04-15T00:00:00.000,23:30,Driver Inattention/Distraction,Unspecified,0,0,Van
4407684,2021-04-15T00:00:00.000,17:11,Driver Inattention/Distraction,Driver Inattention/Distraction,1,0,Sedan
4407602,2021-04-15T00:00:00.000,2:00,Passing or Lane Usage Improper,Unspecified,0,0,Box Truck
4407959,2021-04-16T00:00:00.000,19:54,Unspecified,Unspecified,0,0,Taxi
4408397,2021-04-08T00:00:00.000,9:21,Unspecified,Unspecified,0,0,Sedan
4408067,2021-04-16T00:00:00.000,9:50,Unspecified,Unspecified,0,0,Sedan
4408279,2021-04-16T00:00:00.000,12:10,Driver Inattention/Distraction,Unspecified,0,0,Station Wagon/Sport Utility Vehicle
4407723,2021-04-14T00:00:00.000,8:40,Driver Inattention/Distraction,Unspecified,0,0,Station Wagon/Sport Utility Vehicle
4408198,2021-04-16T00:00:00.000,23:25,Unsafe Lane Changing,Unspecified,0,0,Sedan
4407501,2021-04-14T00:00:00.000,20:25,Unspecified,Unspecified,2,0,Sedan
4408119,2021-04-15T00:00:00.000,21:04,Failure to Yield Right-of-Way,Unspecified,2,0,Taxi
4408359,2021-04-09T00:00:00.000,12:00,Driver Inattention/Distraction,Oversized Vehicle,0,0,Sedan
4407816,2021-04-16T00:00:00.000,10:05,Brakes Defective,Unspecified,1,0,Pick-up Truck
4407168,2021-04-14T00:00:00.000,7:00,Fell Asleep,Unspecified,0,0,Station Wagon/Sport Utility Vehicle
4407543,2021-04-15T00:00:00.000,8:23,Driver Inattention/Distraction,Unspecified,1,0,Sedan
4407801,2021-04-15T00:00:00.000,12:00,Driver Inattention/Distraction,Unspecified,0,0,Station Wagon/Sport Utility Vehicle
4407346,2021-04-14T00:00:00.000,14:10,Traffic Control Disregarded,Unspecified,0,0,SCHOOL BUS
4407769,2021-04-14T00:00:00.000,23:10,Unspecified,Unspecified,2,0,Sedan
4455856,2021-09-11T00:00:00.000,10:59,Obstruction/Debris,Driver Inexperience,0,0,Station Wagon/Sport Utility Vehicle
4408093,2021-04-15T00:00:00.000,12:30,Oversized Vehicle,Unspecified,0,0,Sedan
4407475,2021-04-14T00:00:00.000,18:45,Animals Action,Unspecified,0,0,Motorcycle
4408113,2021-03-20T00:00:00.000,15:58,Passing Too Closely,Passing Too Closely,0,0,Station Wagon/Sport Utility Vehicle
4407833,2021-04-14T00:00:00.000,11:50,Unspecified,Unspecified,0,0,Sedan
4407923,2021-04-16T00:00:00.000,8:41,Driver Inattention/Distraction,Unspecified,1,0,Station Wagon/Sport Utility Vehicle
4407424,2021-04-14T00:00:00.000,13:30,Failure to Yield Right-of-Way,Driver Inattention/Distraction,0,0,Station Wagon/Sport Utility Vehicle
4407741,2021-04-14T00:00:00.000,0:00,Traffic Control Disregarded,Unspecified,1,0,Station Wagon/Sport Utility Vehicle
4407891,2021-04-09T00:00:00.000,10:15,Passing Too Closely,Unspecified,0,0,Station Wagon/Sport Utility Vehicle
4407647,2021-04-14T00:00:00.000,15:05,Unspecified,Unspecified,1,0,Station Wagon/Sport Utility Vehicle
4407909,2021-04-16T00:00:00.000,0:00,Passing Too Closely,Unspecified,0,0,Station Wagon/Sport Utility Vehicle
4407439,2021-04-14T00:00:00.000,18:00,Driver Inattention/Distraction,Unspecified,0,0,Station Wagon/Sport Utility Vehicle
4407604,2021-04-15T00:00:00.000,12:17,Driver Inattention/Distraction,Unspecified,1,0,Sedan
4407752,2021-04-15T00:00:00.000,10:37,Driver Inattention/Distraction,Unspecified,1,0,Sedan
4407380,2021-04-14T00:00:00.000,19:15,Failure to Yield Right-of-Way,Unspecified,0,0,Station Wagon/Sport Utility Vehicle
4408037,2021-04-16T00:00:00.000,21:30,Unspecified,Unspecified,0,0,Sedan
4408416,2021-04-11T00:00:00.000,11:50,Passing or Lane Usage Improper,Unspecified,0,0,Station Wagon/Sport Utility Vehicle
4407549,2021-04-15T00:00:00.000,9:57,Passing Too Closely,Unspecified,0,0,Sedan
4408002,2021-04-15T00:00:00.000,13:07,Unspecified,Unspecified,0,0,Sedan
4408227,2021-04-14T00:00:00.000,11:30,Driver Inattention/Distraction,Unspecified,1,0,Taxi
4408262,2021-04-13T00:00:00.000,7:25,Passing or Lane Usage Improper,Unspecified,0,0,Station Wagon/Sport Utility Vehicle
4407897,2021-04-16T00:00:00.000,18:03,Passing or Lane Usage Improper,Unspecified,0,0,Station Wagon/Sport Utility Vehicle
4408187,2021-04-16T00:00:00.000,21:00,Unsafe Lane Changing,Following Too Closely,0,0,Sedan
4407975,2021-04-16T00:00:00.000,10:40,Driver Inattention/Distraction,Unspecified,1,0,Sedan
4408164,2021-04-16T00:00:00.000,20:07,Failure to Yield Right-of-Way,Unspecified,0,0,Sedan
4407910,2021-04-16T00:00:00.000,12:42,Following Too Closely,Unspecified,2,0,Station Wagon/Sport Utility Vehicle
4408085,2021-04-15T00:00:00.000,22:22,Unspecified,Unspecified,0,0,Sedan
4408250,2021-04-16T00:00:00.000,18:40,Unsafe Lane Changing,Unspecified,1,0,Sedan
4408028,2021-04-15T00:00:00.000,12:38,Unsafe Lane Changing,Unspecified,1,0,Sedan
4407580,2021-04-14T00:00:00.000,12:20,Unspecified,Unspecified,0,0,Sedan
4408302,2021-04-14T00:00:00.000,20:50,Failure to Yield Right-of-Way,Unspecified,1,0,Sedan
4407400,2021-04-14T00:00:00.000,2:30,Turning Improperly,Unspecified,0,0,Sedan
4408128,2021-04-16T00:00:00.000,12:38,Unspecified,Unspecified,0,0,Station Wagon/Sport Utility Vehicle
4407806,2021-04-15T00:00:00.000,13:31,Passing or Lane Usage Improper,Unspecified,0,0,Pick-up Truck
4408194,2021-04-15T00:00:00.000,15:20,Following Too Closely,Unspecified,1,0,Station Wagon/Sport Utility Vehicle
4408289,2021-04-16T00:00:00.000,15:00,Passing Too Closely,Unspecified,0,0,Box Truck
4407953,2021-04-16T00:00:00.000,12:50,Traffic Control Disregarded,Unspecified,0,0,Station Wagon/Sport Utility Vehicle
4408391,2021-04-06T00:00:00.000,8:50,Outside Car Distraction,Driver Inattention/Distraction,0,0,Sedan
4408204,2021-04-15T00:00:00.000,0:00,Unspecified,Unspecified,0,0,Sedan
4407870,2021-04-01T00:00:00.000,4:46,Turning Improperly,Turning Improperly,0,0,Sedan
4407524,2021-04-14T00:00:00.000,22:17,Unspecified,Unspecified,0,0,Sedan
4408353,2021-04-16T00:00:00.000,14:35,Driver Inattention/Distraction,Unspecified,0,0,Lift Boom
4407243,2021-04-14T00:00:00.000,2:09,Alcohol Involvement,Unspecified,1,0,Sedan
4407445,2021-04-14T00:00:00.000,15:25,Reaction to Uninvolved Vehicle,Following Too Closely,1,0,Sedan
4408056,2021-04-16T00:00:00.000,10:00,Unspecified,Unspecified,0,0,Sedan
4407327,2021-04-14T00:00:00.000,13:40,Unspecified,Unspecified,2,0,Sedan
4407784,2021-04-16T00:00:00.000,10:10,Driver Inattention/Distraction,Unspecified,0,0,Sedan
4407928,2021-04-14T00:00:00.000,11:46,Driver Inattention/Distraction,Unspecified,1,0,Bike
4408107,2021-04-06T00:00:00.000,16:00,Driver Inattention/Distraction,Unspecified,1,0,Bus
4456830,2021-09-10T00:00:00.000,0:00,Unspecified,Unspecified,1,0,Sedan
4407454,2021-04-14T00:00:00.000,13:00,Driver Inattention/Distraction,Unspecified,0,0,Station Wagon/Sport Utility Vehicle
4407372,2021-04-14T00:00:00.000,13:30,Unspecified,Unspecified,0,0,Station Wagon/Sport Utility Vehicle
4407444,2021-04-14T00:00:00.000,21:24,Reaction to Uninvolved Vehicle,Unspecified,0,0,Station Wagon/Sport Utility Vehicle
4407756,2021-04-13T00:00:00.000,20:15,Following Too Closely,Following Too Closely,2,0,Station Wagon/Sport Utility Vehicle
4407620,2021-04-15T00:00:00.000,10:30,Passing Too Closely,Unspecified,1,0,Sedan
4407412,2021-04-14T00:00:00.000,23:30,Reaction to Uninvolved Vehicle,Unspecified,6,0,Taxi
4407633,2021-04-15T00:00:00.000,19:00,Unspecified,Unspecified,0,0,Station Wagon/Sport Utility Vehicle
4407119,2021-04-14T00:00:00.000,4:35,Unsafe Lane Changing,Unspecified,0,0,Station Wagon/Sport Utility Vehicle
4407660,2021-04-14T00:00:00.000,23:46,Unspecified,Unspecified,2,0,Station Wagon/Sport Utility Vehicle
4408154,2021-04-15T00:00:00.000,12:30,Illnes,Unspecified,1,0,Sedan
4407773,2021-04-04T00:00:00.000,21:43,Unsafe Speed,Unspecified,0,0,Sedan
4407567,2021-04-15T00:00:00.000,13:18,Driver Inattention/Distraction,Unspecified,0,0,Sedan
4407938,2021-04-14T00:00:00.000,13:36,Following Too Closely,Unspecified,1,0,Pick-up Truck
4407713,2021-04-16T00:00:00.000,0:30,Unsafe Speed,Unspecified,0,0,Sedan
4408017,2021-04-11T00:00:00.000,13:40,Unspecified,Unspecified,0,0,Station Wagon/Sport Utility Vehicle
4408208,2021-04-16T00:00:00.000,17:50,Alcohol Involvement,Unspecified,0,0,Station Wagon/Sport Utility Vehicle
4408043,2021-04-16T00:00:00.000,16:01,Unsafe Speed,Unspecified,0,0,Sedan
4408233,2021-03-28T00:00:00.000,18:30,Unspecified,Unspecified,1,0,Station Wagon/Sport Utility Vehicle
4407990,2021-04-12T00:00:00.000,20:00,Failure to Yield Right-of-Way,Unspecified,1,0,Sedan
4408079,2021-04-02T00:00:00.000,21:15,Unsafe Speed,Unspecified,0,0,Sedan
4408217,2021-04-16T00:00:00.000,15:05,Following Too Closely,Unspecified,0,0,Sedan
4408331,2021-04-16T00:00:00.000,15:45,Failure to Yield Right-of-Way,Unspecified,1,0,Sedan
4407698,2021-04-15T00:00:00.000,8:20,Driver Inattention/Distraction,Unspecified,0,0,Station Wagon/Sport Utility Vehicle
4407825,2021-04-10T00:00:00.000,19:09,Unspecified,Unspecified,0,0,Sedan
4408411,2021-04-12T00:00:00.000,6:55,Following Too Closely,Unspecified,1,0,Station Wagon/Sport Utility Vehicle
4408122,2021-04-15T00:00:00.000,18:20,Unspecified,Unspecified,0,0,Station Wagon/Sport Utility Vehicle
4407838,2021-04-11T00:00:00.000,1:36,Driver Inattention/Distraction,Unspecified,0,0,Sedan
4456364,2021-09-11T00:00:00.000,4:27,Passing Too Closely,Unspecified,0,0,Station Wagon/Sport Utility Vehicle
4407948,2021-04-16T00:00:00.000,22:42,Passing or Lane Usage Improper,Passing or Lane Usage Improper,0,0,Sedan
4407843,2021-04-14T00:00:00.000,23:32,Driver Inattention/Distraction,Unspecified,1,0,Sedan
4407515,2021-04-15T00:00:00.000,8:30,Unspecified,Unspecified,1,0,Taxi
4407312,2021-04-14T00:00:00.000,11:26,Driver Inattention/Distraction,Unspecified,1,0,Sedan
4407314,2021-04-14T00:00:00.000,11:00,Unsafe Speed,Unsafe Lane Changing,0,0,Sedan
4407489,2021-04-14T00:00:00.000,12:37,Passing or Lane Usage Improper,Unspecified,0,0,Station Wagon/Sport Utility Vehicle
4407656,2021-04-14T00:00:00.000,0:25,Unsafe Speed,Unspecified,0,0,Station Wagon/Sport Utility Vehicle
4407332,2021-04-14T00:00:00.000,12:45,Unspecified,Unspecified,0,0,Sedan
4407506,2021-04-14T00:00:00.000,14:25,Unspecified,Unspecified,1,0,Taxi
4408401,2021-04-14T00:00:00.000,23:20,Unspecified,Unspecified,1,0,Sedan
4407677,2021-04-15T00:00:00.000,18:45,Other Vehicular,Other Vehicular,0,0,Sedan
4407359,2021-04-14T00:00:00.000,15:34,Reaction to Uninvolved Vehicle,Unspecified,1,0,Sedan
4408060,2021-04-16T00:00:00.000,23:30,Unspecified,Unspecified,0,0,Sedan
4407533,2021-04-15T00:00:00.000,3:46,Driver Inattention/Distraction,Unspecified,0,0,Sedan
4408266,2021-04-08T00:00:00.000,0:00,Following Too Closely,Unspecified,1,0,Station Wagon/Sport Utility Vehicle
4407696,2021-04-14T00:00:00.000,13:20,Unspecified,Unspecified,0,0,Sedan
4407261,2021-04-14T00:00:00.000,6:15,Unspecified,Unspecified,0,0,Tractor Truck Diesel
4407857,2021-04-16T00:00:00.000,15:12,Unspecified,Unspecified,1,0,Sedan
4407490,2021-04-14T00:00:00.000,19:30,Failure to Yield Right-of-Way,Unspecified,0,0,Station Wagon/Sport Utility Vehicle
4407788,2021-04-14T00:00:00.000,10:30,Unspecified,Unspecified,1,0,Station Wagon/Sport Utility Vehicle
4408379,2021-04-15T00:00:00.000,6:00,Unspecified,Unspecified,0,0,Station Wagon/Sport Utility Vehicle
4408103,2021-04-13T00:00:00.000,16:20,Driver Inattention/Distraction,Unspecified,0,0,Station Wagon/Sport Utility Vehicle
4408076,2021-04-15T00:00:00.000,1:20,Unspecified,Unspecified,1,0,Bike
4408049,2021-04-12T00:00:00.000,18:00,Failure to Yield Right-of-Way,Unspecified,0,0,Station Wagon/Sport Utility Vehicle
4407527,2021-04-14T00:00:00.000,17:25,Unspecified,Unspecified,0,0,Sedan
4407836,2021-04-12T00:00:00.000,19:45,Other Vehicular,Unspecified,0,0,Sedan
4408274,2021-04-16T00:00:00.000,16:46,Unspecified,Unspecified,1,0,Station Wagon/Sport Utility Vehicle
4407547,2021-04-15T00:00:00.000,9:20,Unsafe Lane Changing,Unspecified,1,0,Station Wagon/Sport Utility Vehicle
4407815,2021-04-15T00:00:00.000,13:30,Failure to Yield Right-of-Way,Unspecified,0,0,Station Wagon/Sport Utility Vehicle
4408375,2021-04-14T00:00:00.000,17:45,Unspecified,Unspecified,0,0,Sedan
4407279,2021-04-14T00:00:00.000,9:30,Driver Inattention/Distraction,Unspecified,0,0,Station Wagon/Sport Utility Vehicle
4407331,2021-04-14T00:00:00.000,0:00,Unspecified,Unspecified,0,0,Station Wagon/Sport Utility Vehicle
4407686,2021-04-15T00:00:00.000,16:54,Unspecified,Unspecified,1,0,Sedan
4408398,2021-04-15T00:00:00.000,19:20,Pavement Slippery,Following Too Closely,0,0,Sedan
4408066,2021-04-16T00:00:00.000,0:17,Unspecified,Unspecified,0,0,Sedan
4408309,2021-04-16T00:00:00.000,13:02,Passing Too Closely,Unspecified,0,0,Station Wagon/Sport Utility Vehicle
4408068,2021-04-16T00:00:00.000,11:38,Unspecified,Unspecified,1,0,Station Wagon/Sport Utility Vehicle
4407691,2021-04-15T00:00:00.000,22:50,Unspecified,Unspecified,0,0,Station Wagon/Sport Utility Vehicle
4407353,2021-04-14T00:00:00.000,13:07,Following Too Closely,Unspecified,1,0,Bike
4407433,2021-04-14T00:00:00.000,18:49,Turning Improperly,Unspecified,0,0,Station Wagon/Sport Utility Vehicle
4407679,2021-04-15T00:00:00.000,22:35,Traffic Control Disregarded,Traffic Control Disregarded,0,0,Sedan
4407566,2021-04-14T00:00:00.000,22:20,Other Vehicular,Unspecified,0,0,Sedan
4408026,2021-04-16T00:00:00.000,6:30,Unspecified,Unspecified,0,0,Sedan
4407651,2021-04-14T00:00:00.000,17:30,Unspecified,Unspecified,0,0,Sedan
4407296,2021-04-14T00:00:00.000,9:50,Unspecified,Unspecified,1,0,Sedan
4407826,2021-04-16T00:00:00.000,12:00,Driver Inattention/Distraction,Unspecified,0,0,Sedan
4408186,2021-04-16T00:00:00.000,11:30,Following Too Closely,Unspecified,0,0,Station Wagon/Sport Utility Vehicle
4407368,2021-04-14T00:00:00.000,8:00,Driver Inattention/Distraction,Unspecified,0,0,Bus
4407804,2021-04-13T00:00:00.000,9:35,Following Too Closely,Unspecified,1,0,Station Wagon/Sport Utility Vehicle
4407242,2021-04-14T00:00:00.000,6:10,Pedestrian/Bicyclist/Other Pedestrian Error/Confusion,Unspecified,0,0,Station Wagon/Sport Utility Vehicle
4407858,2021-04-16T00:00:00.000,18:18,Driver Inattention/Distraction,Unspecified,0,0,Sedan
4407795,2021-04-16T00:00:00.000,9:40,Unspecified,Unspecified,1,0,Sedan
4407347,2021-04-14T00:00:00.000,12:00,Traffic Control Disregarded,Unspecified,1,0,Sedan
4408059,2016-04-16T00:00:00.000,14:20,Driver Inattention/Distraction,Unspecified,0,0,Sedan
4407715,2021-04-16T00:00:00.000,1:30,Unsafe Lane Changing,Unspecified,0,0,Sedan
4408114,2021-04-10T00:00:00.000,23:05,Driver Inattention/Distraction,Unspecified,0,0,Station Wagon/Sport Utility Vehicle
4407480,2021-04-14T00:00:00.000,5:32,Following Too Closely,Unspecified,0,0,Sedan
4408312,2021-04-16T00:00:00.000,6:49,Passing Too Closely,Passing Too Closely,0,0,Bus
4407922,2021-04-15T00:00:00.000,22:15,Unsafe Speed,Unspecified,0,0,Sedan
4407342,2021-04-14T00:00:00.000,15:10,Traffic Control Disregarded,Unspecified,0,0,Station Wagon/Sport Utility Vehicle
4407882,2021-04-16T00:00:00.000,17:04,Following Too Closely,Unspecified,0,0,Sedan
4407748,2021-04-15T00:00:00.000,13:30,Unspecified,Unspecified,0,0,Sedan
4407619,2021-04-15T00:00:00.000,16:50,Driver Inattention/Distraction,Driver Inattention/Distraction,0,0,Pick-up Truck
4407534,2021-04-14T00:00:00.000,16:02,Following Too Closely,Unspecified,0,0,Sedan
4408297,2021-04-06T00:00:00.000,15:02,Passing Too Closely,Unspecified,0,0,Station Wagon/Sport Utility Vehicle
4407763,2021-04-15T00:00:00.000,15:00,Following Too Closely,Unspecified,1,0,Station Wagon/Sport Utility Vehicle
4408005,2021-04-16T00:00:00.000,6:50,Unsafe Lane Changing,Unspecified,0,0,Sedan
4407390,2021-04-14T00:00:00.000,10:16,Driver Inattention/Distraction,Driver Inattention/Distraction,1,0,Station Wagon/Sport Utility Vehicle
4407504,2021-04-15T00:00:00.000,5:36,Following Too Closely,Unspecified,0,0,Station Wagon/Sport Utility Vehicle
4408231,2021-04-06T00:00:00.000,21:30,Passing Too Closely,Unspecified,0,0,Sedan
4408106,2021-04-09T00:00:00.000,20:00,Unspecified,Unspecified,0,0,Sedan
4407542,2021-04-15T00:00:00.000,8:30,Failure to Yield Right-of-Way,Unspecified,1,0,Sedan
4407819,2021-03-25T00:00:00.000,9:52,Failure to Yield Right-of-Way,Failure to Yield Right-of-Way,0,0,Sedan
4407523,2021-04-15T00:00:00.000,9:09,Unspecified,Unspecified,0,0,Sedan
4407428,2021-04-14T00:00:00.000,22:50,Driver Inattention/Distraction,Following Too Closely,2,0,Station Wagon/Sport Utility Vehicle
4408257,2021-04-10T00:00:00.000,18:50,Unspecified,Unspecified,0,0,Station Wagon/Sport Utility Vehicle
4407595,2021-04-15T00:00:00.000,14:46,Unspecified,Unspecified,0,0,Station Wagon/Sport Utility Vehicle
4407672,2021-04-15T00:00:00.000,11:10,Driver Inattention/Distraction,Unspecified,0,0,Tractor Truck Diesel
4407832,2021-04-16T00:00:00.000,11:20,Driver Inattention/Distraction,Unspecified,0,0,Sedan
4407384,2021-04-14T00:00:00.000,18:04,Unspecified,Unspecified,2,0,Station Wagon/Sport Utility Vehicle
4408387,2021-04-14T00:00:00.000,21:40,Driver Inattention/Distraction,Unspecified,1,0,Unspecified
4407790,2020-04-15T00:00:00.000,15:20,Driver Inattention/Distraction,Unspecified,0,0,Sedan
4407612,2021-04-15T00:00:00.000,16:10,Unspecified,Unspecified,3,0,Station Wagon/Sport Utility Vehicle
4407775,2021-04-08T00:00:00.000,17:25,Pedestrian/Bicyclist/Other Pedestrian Error/Confusion,Unspecified,1,0,Bike
4407864,2021-04-16T00:00:00.000,9:29,Driver Inattention/Distraction,Unspecified,1,0,Sedan
4407379,2021-04-14T00:00:00.000,19:30,Driverless/Runaway Vehicle,Unspecified,0,0,Sedan
4408054,2021-04-14T00:00:00.000,15:00,Driver Inattention/Distraction,Unspecified,0,0,Sedan
4407156,2021-04-14T00:00:00.000,3:04,Unsafe Speed,Unspecified,0,0,Station Wagon/Sport Utility Vehicle
4407634,2021-04-15T00:00:00.000,19:45,Unspecified,Unspecified,0,0,Station Wagon/Sport Utility Vehicle
4408389,2021-04-13T00:00:00.000,8:24,Traffic Control Disregarded,Unspecified,1,0,Sedan
4407724,2021-04-14T00:00:00.000,13:16,Driver Inattention/Distraction,Unspecified,0,0,Sedan
4407942,2021-04-16T00:00:00.000,8:30,Unspecified,Unspecified,0,0,Station Wagon/Sport Utility Vehicle
4456714,2021-07-09T00:00:00.000,14:19,Failure to Yield Right-of-Way,Other Vehicular,1,0,Sedan
4408197,2021-04-16T00:00:00.000,20:17,Failure to Yield Right-of-Way,Unspecified,1,0,E-Bike
4407847,2021-04-15T00:00:00.000,16:08,Driver Inexperience,Turning Improperly,1,0,Station Wagon/Sport Utility Vehicle
4407403,2021-04-14T00:00:00.000,10:00,Unspecified,Unspecified,0,0,Sedan
4408120,2021-04-15T00:00:00.000,17:47,Unspecified,Unspecified,0,0,Sedan
4407703,2021-04-15T00:00:00.000,12:00,Driver Inattention/Distraction,Unspecified,0,0,Station Wagon/Sport Utility Vehicle
4407668,2021-04-15T00:00:00.000,20:29,Failure to Yield Right-of-Way,View Obstructed/Limited,1,0,Sedan
4407570,2021-04-14T00:00:00.000,13:06,Unspecified,Unspecified,0,0,Sedan
4408101,2021-04-10T00:00:00.000,16:28,Driver Inattention/Distraction,Unspecified,0,0,Station Wagon/Sport Utility Vehicle
4407898,2021-04-16T00:00:00.000,10:15,Passing Too Closely,Unspecified,0,0,Sedan
4407800,2021-04-16T00:00:00.000,4:00,Driver Inattention/Distraction,Unspecified,1,0,Station Wagon/Sport Utility Vehicle
4407917,2021-04-16T00:00:00.000,20:59,Turning Improperly,Unspecified,0,0,Sedan
4408151,2021-04-15T00:00:00.000,22:27,Unspecified,Unspecified,0,0,Station Wagon/Sport Utility Vehicle
4407758,2021-04-15T00:00:00.000,19:00,Driver Inattention/Distraction,Unspecified,0,0,Sedan
4407780,2021-04-16T00:00:00.000,6:30,Pavement Slippery,Pavement Slippery,4,0,Sedan
4408034,2021-04-16T00:00:00.000,7:30,Unspecified,Unspecified,0,0,Box Truck
4407998,2021-04-16T00:00:00.000,9:35,Unsafe Speed,Turning Improperly,2,0,Sedan
4407410,2021-04-15T00:00:00.000,0:08,Aggressive Driving/Road Rage,Unspecified,1,0,scooter
4408112,2021-04-15T00:00:00.000,17:30,Unspecified,Unspecified,0,0,Station Wagon/Sport Utility Vehicle
4407731,2021-04-16T00:00:00.000,2:12,Passing or Lane Usage Improper,Unspecified,0,0,Sedan
4408095,2021-04-13T00:00:00.000,16:49,Failure to Yield Right-of-Way,Unspecified,2,0,Sedan
4456465,2021-09-11T00:00:00.000,21:00,Failure to Yield Right-of-Way,Unspecified,1,0,E-Bike
4407470,2021-04-14T00:00:00.000,15:00,Driver Inattention/Distraction,Unspecified,0,0,CATER
4407582,2021-04-14T00:00:00.000,20:25,Passing or Lane Usage Improper,Driver Inattention/Distraction,1,0,Station Wagon/Sport Utility Vehicle
4408360,2021-04-10T00:00:00.000,13:45,Driver Inattention/Distraction,Unspecified,0,0,Station Wagon/Sport Utility Vehicle
4408126,2021-04-16T00:00:00.000,18:45,Traffic Control Disregarded,Unspecified,0,0,Bus
4407395,2021-04-14T00:00:00.000,0:00,Passing Too Closely,Unspecified,0,0,Sedan
4407904,2021-04-15T00:00:00.000,15:05,Failure to Yield Right-of-Way,Unspecified,2,0,Sedan
4408288,2021-04-16T00:00:00.000,21:04,Driver Inattention/Distraction,Unspecified,0,0,Taxi
4407961,2021-04-16T00:00:00.000,0:00,Unspecified,Unspecified,0,0,PKUP
4407363,2021-04-14T00:00:00.000,8:20,Following Too Closely,Unspecified,0,0,Sedan
4407629,2021-04-15T00:00:00.000,15:45,Following Too Closely,Unspecified,0,0,Sedan
4407641,2021-04-15T00:00:00.000,18:23,Driver Inattention/Distraction,Unspecified,0,0,Sedan
4408140,2021-04-14T00:00:00.000,21:20,Traffic Control Disregarded,Unspecified,0,0,Sedan
4408226,2021-04-02T00:00:00.000,22:20,Unspecified,Unspecified,1,0,Station Wagon/Sport Utility Vehicle
4407500,2021-04-14T00:00:00.000,16:00,Unspecified,Unspecified,0,0,Sedan
4407558,2021-04-14T00:00:00.000,11:00,Unspecified,Unspecified,0,0,Sedan
4407421,2021-04-14T00:00:00.000,8:45,Passing or Lane Usage Improper,Unspecified,0,0,Station Wagon/Sport Utility Vehicle
4407743,2021-04-14T00:00:00.000,22:32,Driver Inattention/Distraction,Unspecified,2,0,Sedan
4407876,2021-04-09T00:00:00.000,18:15,Unspecified,Unspecified,0,0,Station Wagon/Sport Utility Vehicle
4408261,2021-04-14T00:00:00.000,11:00,Unspecified,Unspecified,0,0,Station Wagon/Sport Utility Vehicle
4407965,2021-04-16T00:00:00.000,15:04,Following Too Closely,Unspecified,2,0,Sedan
4407450,2021-04-14T00:00:00.000,18:10,Unspecified,Unspecified,0,0,Sedan
4407812,2021-04-13T00:00:00.000,13:00,Unspecified,Unspecified,0,0,Sedan
4408163,2021-04-16T00:00:00.000,15:20,Other Vehicular,Unspecified,4,0,Station Wagon/Sport Utility Vehicle
4408276,2021-04-16T00:00:00.000,18:25,Traffic Control Disregarded,Unspecified,0,0,Station Wagon/Sport Utility Vehicle
4407676,2021-04-15T00:00:00.000,17:03,Driver Inattention/Distraction,Unspecified,1,0,Sedan
4407868,2021-04-16T00:00:00.000,8:40,Passing Too Closely,Unspecified,0,0,Box Truck
4456784,2021-09-08T00:00:00.000,18:00,Failure to Yield Right-of-Way,Unspecified,0,0,Sedan
4408111,2021-04-16T00:00:00.000,15:00,Backing Unsafely,Unspecified,0,0,Bus
4407807,2021-04-15T00:00:00.000,14:54,Driver Inattention/Distraction,Unspecified,0,0,Box Truck
4407706,2021-04-15T00:00:00.000,9:30,Unspecified,Unspecified,0,0,Sedan
4407456,2021-04-14T00:00:00.000,23:26,Unsafe Speed,Reaction to Uninvolved Vehicle,0,0,Sedan
4408050,2021-04-13T00:00:00.000,17:20,Driver Inattention/Distraction,Unspecified,0,0,Station Wagon/Sport Utility Vehicle
4407699,2021-04-15T00:00:00.000,16:20,Other Vehicular,Following Too Closely,1,0,Sedan
4407605,2021-04-15T00:00:00.000,7:34,Reaction to Uninvolved Vehicle,Unspecified,0,0,Sedan
4407135,2021-04-14T00:00:00.000,2:10,Alcohol Involvement,Unspecified,0,0,Pick-up Truck
4407661,2021-04-15T00:00:00.000,15:30,Driver Inattention/Distraction,Unspecified,0,0,Sedan
4407930,2021-04-14T00:00:00.000,7:44,Turning Improperly,Unspecified,0,0,Sedan
4407851,2021-04-16T00:00:00.000,15:16,Following Too Closely,Unspecified,0,0,Sedan
4407844,2021-04-15T00:00:00.000,13:45,Passing or Lane Usage Improper,Unspecified,0,0,Sedan
4407630,2021-04-15T00:00:00.000,0:00,Driver Inattention/Distraction,Unspecified,0,0,Station Wagon/Sport Utility Vehicle
4407383,2021-04-14T00:00:00.000,19:40,Other Vehicular,Failure to Yield Right-of-Way,0,0,Carry All
4408202,2021-04-13T00:00:00.000,14:44,Turning Improperly,Unspecified,1,0,Station Wagon/Sport Utility Vehicle
4407516,2021-04-14T00:00:00.000,9:30,Unsafe Lane Changing,Unspecified,0,0,FDNY Ambul
4407317,2021-04-14T00:00:00.000,13:20,Following Too Closely,Unspecified,1,0,Sedan
4408210,2021-04-15T00:00:00.000,16:00,Passing or Lane Usage Improper,Unspecified,0,0,Station Wagon/Sport Utility Vehicle
4407894,2021-04-16T00:00:00.000,20:24,Unsafe Speed,Unspecified,1,0,Sedan
4408354,2021-04-16T00:00:00.000,16:25,Driver Inattention/Distraction,Unspecified,0,0,Box Truck
4407911,2021-04-15T00:00:00.000,15:45,Following Too Closely,Driver Inexperience,0,0,Sedan
4456516,2021-09-09T00:00:00.000,16:45,Driver Inattention/Distraction,Unspecified,1,0,Sedan
4407839,2021-04-08T00:00:00.000,13:25,Driver Inattention/Distraction,Unspecified,0,0,Pick-up Truck
4408084,2021-04-01T00:00:00.000,15:10,Driver Inattention/Distraction,Unspecified,0,0,Sedan
4407510,2021-04-14T00:00:00.000,12:12,Unspecified,Unspecified,1,0,Sedan
4407992,2021-04-05T00:00:00.000,9:15,Backing Unsafely,Unspecified,1,0,Sedan
4408252,2021-04-16T00:00:00.000,16:20,Backing Unsafely,Unspecified,0,0,Sedan
4408221,2021-04-15T00:00:00.000,9:00,Unspecified,Unspecified,1,0,Sedan
4456756,2021-08-28T00:00:00.000,18:00,Unspecified,Unspecified,0,0,Station Wagon/Sport Utility Vehicle
4408030,2021-04-10T00:00:00.000,11:15,Driver Inattention/Distraction,Unspecified,1,0,Station Wagon/Sport Utility Vehicle
4407787,2021-04-13T00:00:00.000,13:40,Unspecified,Unspecified,0,0,Bus
4407646,2021-04-15T00:00:00.000,15:34,Failure to Yield Right-of-Way,Unspecified,1,0,Sedan
4408195,2021-04-10T00:00:00.000,8:50,Following Too Closely,Unspecified,0,0,Pick-up Truck
4407571,2021-04-15T00:00:00.000,12:15,Unspecified,Unspecified,0,0,Station Wagon/Sport Utility Vehicle
4407908,2021-04-07T00:00:00.000,14:30,Driver Inattention/Distraction,Unspecified,0,0,Station Wagon/Sport Utility Vehicle
4407427,2021-04-14T00:00:00.000,5:39,Driver Inattention/Distraction,Unspecified,3,0,Sedan
4408409,2021-04-16T00:00:00.000,22:00,Other Vehicular,Turning Improperly,0,0,Station Wagon/Sport Utility Vehicle
4408121,2021-04-15T00:00:00.000,20:00,Driver Inattention/Distraction,Unspecified,0,0,Sedan
4407954,2021-04-16T00:00:00.000,14:00,Driver Inattention/Distraction,Unspecified,0,0,Sedan
4407755,2021-04-14T00:00:00.000,8:45,Traffic Control Disregarded,Unspecified,0,0,Box Truck
4407438,2021-04-14T00:00:00.000,17:00,Driver Inattention/Distraction,Unspecified,0,0,Sedan
4408419,2021-04-15T00:00:00.000,23:09,Passing Too Closely,Unspecified,0,0,Sedan
4408036,2021-04-16T00:00:00.000,15:32,Failure to Yield Right-of-Way,Unspecified,0,0,Station Wagon/Sport Utility Vehicle
4407871,2021-04-16T00:00:00.000,22:45,Unspecified,Unspecified,0,0,Sedan
4407551,2021-04-14T00:00:00.000,11:40,Passing Too Closely,Unspecified,0,0,Sedan
4407481,2021-04-14T00:00:00.000,14:15,Driver Inattention/Distraction,Unspecified,1,0,Sedan
4407341,2021-04-14T00:00:00.000,10:10,Driver Inattention/Distraction,Unspecified,1,0,Sedan
4407974,2021-04-10T00:00:00.000,0:00,Passing or Lane Usage Improper,Unspecified,0,0,Sedan
4408310,2021-04-15T00:00:00.000,20:00,Unspecified,Unspecified,0,0,Sedan
4408040,2021-04-16T00:00:00.000,12:30,Unspecified,Unspecified,0,0,Station Wagon/Sport Utility Vehicle
4408069,2021-04-16T00:00:00.000,16:15,Driver Inattention/Distraction,Unspecified,0,0,Taxi
4408267,2021-04-02T00:00:00.000,18:00,Passing or Lane Usage Improper,Unspecified,0,0,Pick-up Truck
4407358,2021-04-14T00:00:00.000,19:01,Driver Inattention/Distraction,Unspecified,0,0,Station Wagon/Sport Utility Vehicle
4455876,2021-09-11T00:00:00.000,13:30,Driver Inattention/Distraction,Unspecified,0,0,Sedan
4407695,2021-04-15T00:00:00.000,10:13,Passing Too Closely,Unspecified,0,0,3-Door
4407265,2021-04-14T00:00:00.000,9:40,Unspecified,Unspecified,0,0,Station Wagon/Sport Utility Vehicle
4408300,2021-04-10T00:00:00.000,22:06,Following Too Closely,Unspecified,4,0,Taxi
4407768,2021-04-13T00:00:00.000,8:04,Driver Inattention/Distraction,Unspecified,1,0,Sedan
4407680,2021-04-15T00:00:00.000,23:06,Traffic Control Disregarded,Unspecified,1,0,Sedan
4407494,2021-04-14T00:00:00.000,12:00,Passing Too Closely,Unspecified,0,0,Sedan
4408304,2021-04-10T00:00:00.000,4:45,Traffic Control Disregarded,Unspecified,0,0,Sedan
4407827,2021-04-14T00:00:00.000,17:30,Passing or Lane Usage Improper,Unspecified,0,0,Box Truck
4407399,2021-04-14T00:00:00.000,22:40,Unspecified,Unspecified,2,0,Station Wagon/Sport Utility Vehicle
4407740,2021-04-14T00:00:00.000,12:47,Turning Improperly,Unspecified,2,0,Station Wagon/Sport Utility Vehicle
4408392,2021-04-16T00:00:00.000,14:30,Backing Unsafely,Unspecified,0,0,Sedan
4407822,2021-04-15T00:00:00.000,0:00,Driver Inattention/Distraction,Unspecified,3,0,Sedan
4407655,2021-04-14T00:00:00.000,6:55,Following Too Closely,Unspecified,0,0,Station Wagon/Sport Utility Vehicle
4407712,2021-04-14T00:00:00.000,19:00,Unspecified,Unspecified,0,0,Station Wagon/Sport Utility Vehicle
